,user id,name,registration,edit count
0,104843,b'REA Cameron',b'20171101022401',0
1,104844,b'ImperatorPublius',b'20171101043438',0
2,104845,b'Mark437',b'20171101044158',0
3,104846,b'Mspzh',b'20171101061600',0
4,104847,b'\xd0\x9c\xd0\xb8\xd1\x82 \xd0\xa1\xd0\xba\xd0\xbe\xd0\xbb\xd0\xbe\xd0\xb2',b'20171101072321',0
5,104848,b'KRaes',b'20171101085917',6
6,104849,b'Tkvggang',b'20171101095302',0
7,104850,b'Valentino19901',b'20171101105118',0
8,104851,b'Aatomikk',b'20171101105557',0
9,104852,b'Aleksei kubarski',b'20171101120813',27
10,104853,b'Chrille97',b'20171101121022',0
11,104854,b'Donald Trung',b'20171101121328',0
12,104855,b'Kyrylkov',b'20171101121631',0
13,104856,b'Cofrade2016',b'20171101125315',0
14,104857,b'FPitois',b'20171101131847',0
15,104858,b'Kosovoworld',b'20171101132349',0
16,104859,b'Rudolf39',b'20171101133518',0
17,104860,b'VikipeediaPattiSmith',b'20171101150208',1
18,104861,b'Kaie Saks',b'20171101163714',3
19,104862,b'Liina132',b'20171101173051',0
20,104863,b'Smekhoved',b'20171101184607',0
21,104864,b'Bodrig Domsons',b'20171101190509',8
22,104865,b'Tomgoedert',b'20171101194534',0
23,104866,b'Donald Sassoon',b'20171101194555',0
24,104867,b'Estonians',b'20171101202043',0
25,104868,b'Svlp',b'20171101202900',0
26,104869,b'Ora\xc3\xb1ostad',b'20171101210032',0
27,104870,b'UKBot',b'20171101214249',0
28,104871,b'Loulou1888',b'20171101220452',1
29,104872,b'Lleas',b'20171101221105',22
30,104873,b'Egzoo',b'20171102005140',0
31,104874,b'Hongzhangfr',b'20171102032648',0
32,104875,b'Clarities',b'20171102052821',0
33,104876,b'\xd7\xa9\xd7\x9e\xd7\x95\xd7\x91\xd7\x91\xd7\x94',b'20171102075048',0
34,104877,b'Starnutoditopo',b'20171102080858',0
35,104878,b'Sanjeevfbd',b'20171102091141',0
36,104881,b'UserDude',b'20171102093809',0
37,104882,b'Mertnesvat',b'20171102093926',0
38,104883,b'Borisiliev',b'20171102094437',0
39,104884,b'34a67b',b'20171102110854',12
40,104885,b'Paoloesse-it',b'20171102111100',0
41,104886,b'\xd0\x90\xd0\xbd\xd0\xbd\xd0\xb0 \xd0\x93\xd1\x80\xd0\xb8\xd0\xb3\xd0\xbe\xd1\x80\xd0\xb5\xd0\xbd\xd0\xba\xd0\xbe',b'20171102112400',0
42,104887,b'\xe8\x8e\xab\xe6\x96\xaf\xe5\xae\xa2',b'20171102113913',0
43,104888,b'Ervini poeg',b'20171102114432',0
44,104889,b'VikipeediaHermannG\xc3\xb6ringI',b'20171102114645',0
45,104890,b'VikipeediaRudolf He\xc3\x9fI',b'20171102114749',0
46,104891,b'VikipeediaWolfR\xc3\xbcdigerHe\xc3\x9fI',b'20171102115024',0
47,104892,b'VikipeediaKaneBrown',b'20171102115135',0
48,104893,b'LilleMariliis',b'20171102130018',0
49,104894,b'Cuicuith',b'20171102130853',0
50,104895,b'Alp0ka',b'20171102131357',0
51,104896,b'Tugui41',b'20171102131732',0
52,104897,b'Saito0325',b'20171102140620',0
53,104898,b'Kaareltbdu',b'20171102145742',0
54,104899,b'Kadrisamuel',b'20171102150911',12
55,104900,b'Kukkoka',b'20171102154649',0
56,104901,b'Eugene Braslavsky',b'20171102154957',0
57,104902,b'\xd0\xa5\xd0\xb8\xd0\xbc\xd0\xb8\xd0\xba7',b'20171102155557',0
58,104903,b'Vainou',b'20171102160049',1
59,104904,b'Palosaar3m',b'20171102161629',2
60,104905,b'RiceKid',b'20171102180726',0
61,104906,b'Nirkenstain',b'20171102182132',0
62,104907,b'Mairisild',b'20171102183549',4
63,104908,b'Tukumsstacija2016',b'20171102185835',0
64,104909,b'Raigolorius',b'20171102200515',7
65,104910,b'Kraken1968',b'20171102204549',0
66,104911,b'AllarTaimsaare',b'20171102210008',4
67,104912,b'Yuriy Urban',b'20171102210302',1
68,104913,b'Anetplakso',b'20171102211318',3
69,104914,b'Simo Jarek Zaranek',b'20171102211748',6
70,104915,b'Jimrybka',b'20171102232613',0
71,104916,b'\xe3\x81\xbe\xe3\x81\x8d\xe5\xb7\xbb',b'20171103000545',0
72,104917,b'Sopranoaurora',b'20171103023339',0
73,104918,b'Zolnakerviquemolbec',b'20171103030543',0
74,104919,b'Cydney.davenport',b'20171103030830',0
75,104920,b'Linnann58',b'20171103065143',0
76,104921,b'Lea Lepmann',b'20171103075005',28
77,104922,b'Bumm bumm',b'20171103084125',0
78,104923,b'Georgsoderholm',b'20171103085326',0
79,104924,b'Sarmaaa',b'20171103092439',1
80,104925,b'TheHappyPotato',b'20171103093057',0
81,104926,b'Dimaprokop',b'20171103101227',0
82,104927,b'Moskwiz',b'20171103121547',0
83,104928,b'Kohvisohva',b'20171103125905',2
84,104929,b'Vallutaja Pelle',b'20171103161009',0
85,104930,b'Smolplant',b'20171103161849',0
86,104931,b'VsMart',b'20171103165152',0
87,104932,b'Krmarci',b'20171103172113',0
88,104933,b'ZeitPolizei',b'20171103182528',0
89,104934,b'Narendra Kale',b'20171103184111',0
90,104935,b'Bobouh',b'20171103185013',0
91,104936,b'Moyseman',b'20171103185220',0
92,104937,b'Krlnld',b'20171103192554',5
93,104938,b'Hidayatgul',b'20171103193527',0
94,104939,b'Marju.mikkel',b'20171103194745',0
95,104940,b'Macsimm',b'20171103203705',0
96,104942,b'Malackin',b'20171103212002',0
97,104943,b'Andrius108362',b'20171103222253',0
98,104944,b'PloomJ',b'20171103222514',1
99,104945,b'Heleryhalvin',b'20171103222916',8
100,104946,b'Valentinois26',b'20171104002534',0
101,104947,b'Danielvis08',b'20171104004226',0
102,104948,b'Yulian',b'20171104031540',0
103,104949,b'Ilovededede',b'20171104052216',0
104,104950,b'Vomm Kardo',b'20171104082646',0
105,104951,b'Nightguest2010',b'20171104094134',0
106,104952,b'Ilus lihtne',b'20171104094542',38
107,104953,b'\xe6\xb7\xb1\xe5\x9c\xb3\xe5\xa4\xa7\xe5\x90\x9b',b'20171104113203',0
108,104954,b'Aa512',b'20171104130057',0
109,104955,b'Vraja K',b'20171104131728',2
110,104956,b'Laurentum',b'20171104151310',0
111,104957,b'Mago94',b'20171104152149',0
112,104958,b'BlareOfUs',b'20171104153831',0
113,104959,b'Egor8722',b'20171104154015',0
114,104960,b'\xd0\x9c\xd1\x83\xd0\xb7\xd0\xb8\xd0\xba \xd0\x94\xd0\xb5\xd0\xbb\xd1\x8c\xd1\x82\xd0\xbc\xd0\xb0\xd0\xbd',b'20171104165343',0
115,104961,b'Marinell2004',b'20171104175924',0
116,104962,b'CandymanGr7',b'20171104194753',0
117,104963,b'Fjemjen',b'20171104195119',0
118,104964,b'Alexandr Nikolaev',b'20171104202818',0
119,104965,b'Protottoto',b'20171104230529',3
120,104966,b'Virreoh',b'20171105001048',0
121,104967,b'Balticstar',b'20171105030547',0
122,104968,b'Jc86035 (1)',b'20171105032111',0
123,104969,b'4th protocol',b'20171105052916',0
124,104970,b'Slip1560',b'20171105075400',0
125,104971,b'MD hilal',b'20171105080948',0
126,104972,b'Aeg-ruum',b'20171105083349',0
127,104973,b'Oecology',b'20171105090419',0
128,104974,b'Mihkelsaabas',b'20171105114900',6
129,104975,b'Kvido Pol\xc3\xadvka',b'20171105114934',0
130,104976,b'Martin Ehala',b'20171105115029',6
131,104977,b'Beckssonvic54',b'20171105141228',0
132,104978,b'TeeleYlesoo',b'20171105143935',0
133,104979,b'P6hjakonn',b'20171105144425',0
134,104980,b'NordekPL',b'20171105150945',0
135,104981,b'Wolli',b'20171105151431',3
136,104982,b'Ossu564',b'20171105152653',0
137,104983,b'ArtEze',b'20171105154519',0
138,104984,b'Libra88',b'20171105160008',0
139,104985,b'HenryEST',b'20171105163516',1
140,104986,b'Omega3421',b'20171105165143',0
141,104987,b'Peeterp1',b'20171105174235',0
142,104988,b'Garfield2001',b'20171105175521',0
143,104989,b'Charles meza15',b'20171105180003',0
144,104990,b'Virtuus',b'20171105190131',0
145,104991,b'Stelladallas',b'20171105190657',0
146,104992,b'\xd0\xae\xd1\x80\xd0\xb3\xd0\xb5\xd0\xbd \xd0\xa4\xd1\x8e\xd1\x80\xd1\x81\xd1\x82\xd0\xb5\xd0\xbd\xd0\xb1\xd0\xb5\xd1\x80\xd0\xb3',b'20171105191522',0
147,104993,b'VTViolin',b'20171105200417',0
148,104994,b'Renardeau.arctique',b'20171105201536',0
149,104995,b'Shmurak',b'20171105201759',24
150,104996,b'Carluisfg',b'20171105205216',0
151,104997,b'RossyGaming',b'20171105211121',0
152,104998,b'Crazy6685',b'20171105212333',0
153,104999,b'ScottEst',b'20171105220444',2
154,105000,b'WikiPoliticoMexico',b'20171105231330',0
155,105001,b'Jaspet',b'20171106012441',0
156,105002,b'Giup\xc3\xa8t',b'20171106020324',0
157,105003,b'Michfox88',b'20171106020448',0
158,105004,b'\xe6\x81\x90\xe7\x8b\xbc\xe5\x8d\x9a\xe5\xa3\xab',b'20171106021812',0
159,105005,b'Sergio',b'20171106022039',0
160,105006,b'Family123history123',b'20171106025233',0
161,105007,b'Francisco6261',b'20171106030023',0
162,105008,b'3riixdii',b'20171106045358',0
163,105009,b'Jukrat',b'20171106045359',0
164,105010,b'Twasn',b'20171106060038',0
165,105011,b'Userchap',b'20171106070908',2
166,105012,b'Miser1995',b'20171106082144',0
167,105013,b'Jarify',b'20171106082435',0
168,105014,b'NeleTams',b'20171106083403',2
169,105015,b'Vanessaviira',b'20171106083455',0
170,105016,b'Rkivimagi',b'20171106083513',0
171,105017,b'Annabellaasi',b'20171106083521',5
172,105018,b'KeitiKasenurm',b'20171106083547',3
173,105019,b'Kirkesoomets',b'20171106084343',4
174,105020,b'Lisete.mein',b'20171106085538',0
175,105021,b'Aigi.i',b'20171106085742',12
176,105022,b'Sigrid pe',b'20171106085948',0
177,105023,b'Ulaver',b'20171106104211',0
178,105024,b'HeleriV',b'20171106104244',10
179,105025,b'Liis.lehtla',b'20171106104258',1
180,105026,b'Dskolin',b'20171106104407',19
181,105027,b'Vidri',b'20171106104430',30
182,105028,b'Yesenia tarn',b'20171106104640',2
183,105029,b'Tereminaolensina1',b'20171106110533',20
184,105030,b'Liis pedajas',b'20171106115443',1
185,105031,b'Pruul',b'20171106123745',10
186,105032,b'BrDvd',b'20171106141447',0
187,105033,b'Kadrikiisk',b'20171106142635',0
188,105034,b'Topico76',b'20171106144145',0
189,105035,b'Smihkel',b'20171106144244',0
190,105036,b'Liis oitspuu',b'20171106160852',0
191,105037,b'Howserman',b'20171106163720',0
192,105038,b'Vik4oto3',b'20171106182153',0
193,105039,b'Lobo kun mfc',b'20171106185933',0
194,105040,b'Shem73',b'20171106204053',0
195,105041,b'Rebthered',b'20171106210108',0
196,105042,b'Edgarasb',b'20171106211358',0
197,105043,b'Rolv O',b'20171106213858',0
198,105044,b'Epificius',b'20171106215949',0
199,105045,b'Tanedahiro',b'20171107011827',0
200,105046,b'CycoPyro',b'20171107011845',0
201,105047,b'Kragnerac',b'20171107020212',0
202,105048,b'Space jam',b'20171107024938',0
203,105049,b'Adeninasn',b'20171107041419',0
204,105050,b'Sapphire Olyer',b'20171107043840',0
205,105051,b'Tserkezis Anastasios',b'20171107050115',0
206,105052,b'Saeidrshrmz',b'20171107051724',0
207,105053,b'Hanna kuku',b'20171107070038',0
208,105054,b'Tirm',b'20171107074933',0
209,105055,b'Maxmizerski2000',b'20171107083337',0
210,105056,b'Sirge007',b'20171107085402',6
211,105057,b'Johanna Britt Berzin',b'20171107090334',18
212,105058,b'RohKas',b'20171107105931',10
213,105059,b'Vkb48901',b'20171107114400',0
214,105060,b'\xec\x88\x98\xec\x95\x88',b'20171107120033',0
215,105061,b'K2dyliis',b'20171107121038',1
216,105062,b'Deniss grabussov',b'20171107125759',0
217,105063,b'Krisest',b'20171107130719',0
218,105064,b'Kata4023',b'20171107134131',7
219,105065,b'Wikimorda',b'20171107142038',0
220,105066,b'Beatoron',b'20171107144534',0
221,105067,b'Constance157',b'20171107155111',7
222,105068,b'Kasparkoemets',b'20171107162249',0
223,105069,b'Faustian',b'20171107163148',0
224,105070,b'Anakhit',b'20171107163814',0
225,105071,b'Ferques',b'20171107165651',0
226,105072,b'Royroydeb',b'20171107171031',0
227,105073,b'Carol23 de',b'20171107172416',0
228,105074,b'Muumipapad',b'20171107172616',0
229,105075,b'MIGORMCZ',b'20171107174831',0
230,105076,b'AugustusChao',b'20171107181654',0
231,105077,b'Kristovillem',b'20171107182402',0
232,105078,b'Xmarikex',b'20171107182712',0
233,105079,b'Username is on use',b'20171107182740',2
234,105080,b'Fkv',b'20171107182834',0
235,105081,b'Mdebets',b'20171107203347',0
236,105082,b'\xc3\x87hanW\xc3\xaf',b'20171107210148',0
237,105083,b'Butterfly67',b'20171107211700',0
238,105084,b'Tillwhisperer',b'20171107214016',0
239,105085,b'Oboswaldo',b'20171107215047',0
240,105086,b'IsabelLaiapea',b'20171107220109',9
241,105087,b'Jaaniuss1987',b'20171107222748',5
242,105088,b'^Beldin',b'20171107231458',0
243,105089,b'Faalke',b'20171108001349',0
244,105090,b'Putrescent stench',b'20171108003453',0
245,105091,b'Mr. Sean2001',b'20171108021047',0
246,105092,b'Fskn',b'20171108035325',0
247,105093,b'Hddqsb',b'20171108043417',0
248,105094,b'Maalane',b'20171108055752',0
249,105095,b'Daveano',b'20171108062411',0
250,105096,b'Siim Sarapuu',b'20171108062726',1
251,105097,b'Hans Teesalu',b'20171108062826',1
252,105098,b'Kennar1',b'20171108063440',2
253,105099,b'Piadoora',b'20171108063514',7
254,105100,b'Kaidiykskask',b'20171108063811',11
255,105101,b'Elisbeth S\xc3\xbcld',b'20171108064339',1
256,105102,b'Taavi013',b'20171108072515',0
257,105103,b'ElisaOrav',b'20171108084135',2
258,105104,b'Tropapa',b'20171108112513',0
259,105105,b'Goodnighmoon',b'20171108115014',0
260,105106,b'Mihkeljs',b'20171108115922',12
261,105107,b'Annavkal',b'20171108121918',26
262,105108,b'Abishe',b'20171108123825',0
263,105109,b'Agent Editor',b'20171108131951',0
264,105110,b'Pidula krahv',b'20171108133304',1
265,105111,b'Fi\xc5\xa1 My\xc5\xa1',b'20171108141545',0
266,105112,b'Austen1335',b'20171108145856',0
267,105113,b'Lin Zexu',b'20171108150324',0
268,105114,b'Gerd Eichmann',b'20171108151308',7
269,105115,b'Videm71',b'20171108151506',0
270,105116,b'Manuel Bieh',b'20171108153152',0
271,105117,b'Andri\xc3\xbf Sur\xc5\xbeok',b'20171108153843',0
272,105118,b'Jneubert',b'20171108162002',0
273,105119,"b'Harry Potter,James Potter and Lily Potter'",b'20171108165151',0
274,105120,b'ChetaOfficial',b'20171108172507',0
275,105121,b'A0hans',b'20171108174625',0
276,105122,b'Jany Gr\xc3\xa9gory Keochkerian',b'20171108174920',0
277,105123,b'Desinge098',b'20171108175532',0
278,105124,b'Tshepajev',b'20171108181317',0
279,105125,b'Karen.sonts',b'20171108181531',0
280,105126,b'Richi',b'20171108184214',0
281,105127,b'123fendas',b'20171108192522',0
282,105128,b'OktaRama2010',b'20171108192857',10
283,105129,b'Lev sokolov',b'20171108204533',0
284,105130,b'YttriumJones',b'20171108214154',0
285,105131,b'Sarenooki',b'20171108224130',0
286,105132,b'N7v',b'20171109000817',0
287,105133,b'Rasalimbu',b'20171109002306',0
288,105134,b'ThisCoolGuy12345',b'20171109014949',0
289,105135,b'\xe3\x83\x96\xe3\x83\xab\xe3\x83\xbc\xe3\x83\xa9\xe3\x83\x93\xe3\x83\x83\xe3\x83\x88',b'20171109051111',0
290,105136,b'Dybsand',b'20171109063019',0
291,105137,b'Binamra Deb',b'20171109065717',0
292,105138,b'Marcello L. Jabide',b'20171109070404',0
293,105139,b'RiccardoPro',b'20171109073304',0
294,105140,b'\xe7\xab\xaf\xe4\xbd\x95\xe5\x85\xb6\xe7\xbe\x8e',b'20171109074645',0
295,105141,b'Guehne',b'20171109074829',0
296,105142,b'Sheek',b'20171109091838',0
297,105143,b'Peaksel',b'20171109092829',0
298,105144,b'Ruggero',b'20171109112734',0
299,105145,b'Hk1331',b'20171109120333',1
300,105146,b'Aarnikyy',b'20171109122303',0
301,105147,b'Kaidikirsch',b'20171109122331',3
302,105148,b'Istorijos.archyvas',b'20171109130213',0
303,105149,b'Amadeu 2018',b'20171109140221',0
304,105150,b'Plantboi',b'20171109141005',11
305,105151,b'Coldcakes22',b'20171109151438',0
306,105152,b'Jegor11',b'20171109152140',0
307,105153,b'Aaronymus',b'20171109155850',0
308,105154,b'Kartvelianheritage',b'20171109160427',0
309,105155,b'Herfrid',b'20171109160535',0
310,105156,b'Liisa-Marleen',b'20171109162044',0
311,105157,b'AppDriod',b'20171109170147',0
312,105158,b'Manisk~eswiki',b'20171109171426',0
313,105159,b'T\xc3\xa4heke',b'20171109172113',0
314,105160,b'Shuslik',b'20171109172513',1
315,105161,b'Emriive',b'20171109180604',17
316,105162,b'Alissatrofimova',b'20171109194810',0
317,105163,b'Mr.Alexandra',b'20171109213901',0
318,105164,b'Merom',b'20171109215224',0
319,105165,b'\xd8\xa5\xd8\xaf\xd8\xb1\xd9\x8a\xd8\xb3 \xd8\xa7\xd9\x84\xd8\xa8\xd9\x88\xd8\xb2\xd8\xa7\xd9\x83\xd8\xb1\xd9\x8a',b'20171109221028',0
320,105166,b'Susana Freixeiro',b'20171109231520',0
321,105167,b'Paulao01',b'20171110031926',0
322,105168,b'Lilly1985',b'20171110035040',0
323,105171,b'Lightheaded',b'20171110072645',1
324,105172,b'Metelyk',b'20171110074033',0
325,105173,b'Andreasrussiano190',b'20171110080330',0
326,105174,b'Lima600',b'20171110094523',0
327,105175,b'IceColdFrozen',b'20171110102245',0
328,105176,b'Archerwik',b'20171110111812',0
329,105177,b'Avivanov76',b'20171110113403',0
330,105178,b'Giniristi',b'20171110115559',0
331,105179,b'\xd0\x90\xd0\xbb\xd0\xbe\xd0\xbd\xd0\xb8\xd0\xbd \xd0\x90\xd0\xbb\xd0\xb5\xd0\xba\xd1\x81\xd0\xb0\xd0\xbd\xd0\xb4\xd1\x80',b'20171110120102',0
332,105180,b'Maubaru',b'20171110123755',0
333,105181,b'Liivausk',b'20171110124442',0
334,105182,b'Kaidill',b'20171110125423',12
335,105183,b'Toreightyone',b'20171110130145',0
336,105184,b'Marian1302',b'20171110132817',0
337,105185,b'Tia Canita',b'20171110140848',0
338,105186,b'Tommy Mahon',b'20171110144443',0
339,105187,b'Couraco',b'20171110153639',0
340,105188,b'BirgitaP',b'20171110180531',2
341,105189,b'\xd0\x92\xd0\xb0\xd1\x85\xd0\xb8\xd1\x82\xd0\xbe\xd0\xb2 \xd0\x93\xd0\xb0\xd0\xb7\xd0\xb8\xd0\xbd\xd1\x83\xd1\x80',b'20171110182635',0
342,105190,b'Antimalboraux',b'20171110190045',0
343,105191,b'Estonian1885',b'20171110190512',18
344,105192,b'Porto Mineiro',b'20171110192019',0
345,105193,b'Armani19',b'20171110192409',0
346,105194,b'\xd0\x9d\xd0\xb8\xd0\xba\xd0\xbe\xd0\xbb\xd0\xb0\xd0\xb9 \xd0\xa1\xd1\x82\xd0\xb5\xd0\xbf\xd0\xb0\xd0\xbd\xd0\xbe\xd0\xb2',b'20171110201448',0
347,105195,b'Filipid011',b'20171110224500',0
348,105196,b'MLepik',b'20171110225938',1
349,105197,b'Traxner',b'20171110230741',0
350,105198,b'LaRoberto',b'20171111003512',0
351,105199,b'Aykhan Zayedzadeh',b'20171111010612',0
352,105200,b'Minh T\xe1\xba\xa5n',b'20171111042651',0
353,105201,b'285Sunlize',b'20171111045918',0
354,105202,b'Awmcphee',b'20171111074922',0
355,105203,b'FourMix',b'20171111092205',0
356,105204,b'Katisaar',b'20171111094335',0
357,105205,b'Anete-marleen aruj\xc3\xb5e',b'20171111100055',0
358,105206,b'Titaka',b'20171111110916',0
359,105207,b'5truenos',b'20171111112754',0
360,105208,b'Raudari',b'20171111124351',0
361,105209,b'Relx222',b'20171111131344',1
362,105210,b'Skientista',b'20171111135641',0
363,105211,b'Timesc28',b'20171111150445',0
364,105212,b'Kate guc',b'20171111151255',0
365,105213,b'Tail furry',b'20171111151359',0
366,105214,b'Littlemixeesti',b'20171111160009',8
367,105215,b'Alberi86',b'20171111160138',0
368,105216,b'Jutulind',b'20171111160310',24
369,105217,b'M5o^n',b'20171111190116',1
370,105218,b'Masja',b'20171111193945',0
371,105219,b'Koplikalvet',b'20171111205422',1
372,105220,b'Georg Odar',b'20171111205707',0
373,105221,b'NotPropoganda',b'20171111213609',0
374,105222,b'Tiuliano',b'20171111215737',0
375,105223,b'\xe9\x87\x91\xe5\x9f\x8e\xe6\xb9\xaf\xe5\x8c\x99',b'20171111232944',0
376,105224,b'Savio Cavalli',b'20171112012407',0
377,105225,b'Mfgsu',b'20171112023256',0
378,105226,b'Monika Wirthgen',b'20171112032435',0
379,105227,b'Lumia1234',b'20171112061039',0
380,105228,b'Allikrei',b'20171112095205',16
381,105229,b'Marcsawi',b'20171112103531',0
382,105230,b'Erikall',b'20171112114348',0
383,105231,b'Simen1337',b'20171112121414',0
384,105232,b'Peetervassiljev23',b'20171112123346',1
385,105233,b'Keidipossul',b'20171112124634',18
386,105234,b'Mailane',b'20171112131031',4
387,105235,b'Imaschka',b'20171112132119',0
388,105236,b'Xact',b'20171112132842',0
389,105237,b'A.D.',b'20171112134901',0
390,105238,b'D I O N Y S U S',b'20171112141151',0
391,105239,b'\xd8\xa7\xd9\x84\xd8\xa8\xd9\x88\xd8\xb9\xd9\x86\xd8\xa7\xd9\x86\xd9\x8a \xd8\xad\xd8\xa7\xd8\xaa\xd9\x85',b'20171112141202',0
392,105240,b'Dianatisler',b'20171112141238',13
393,105241,b'Marzieh akhteh',b'20171112150247',0
394,105242,b'Ajaanus',b'20171112171247',2
395,105243,b'Adam Hegazy',b'20171112172310',0
396,105244,b'Tmolder',b'20171112181433',23
397,105245,b'Angel Arcadio',b'20171112182141',0
398,105246,b'Lotheric',b'20171112184444',0
399,105247,b'Mikkuserik',b'20171112184611',30
400,105248,b'Sotho Tal Ker',b'20171112185801',0
401,105249,b'Totenkreuz',b'20171112192955',0
402,105250,b'Amx566',b'20171112193221',0
403,105251,b'Orfiker',b'20171112201228',0
404,105252,b'Kpeekman',b'20171112214307',5
405,105253,b'Sdfi2013',b'20171112214702',0
406,105254,b'\xd0\x9c\xd0\xb8\xd1\x85\xd0\xb0\xd0\xb9\xd0\xbb\xd1\x96\xd0\xb2 \xd0\x92\xd0\xbe\xd0\xbb\xd0\xbe\xd0\xb4\xd0\xb8\xd0\xbc\xd0\xb8\xd1\x80',b'20171112223052',0
407,105255,b'Sven Siegmund',b'20171112224054',0
408,105256,b'Computer*Kid98',b'20171112232731',0
409,105257,b'El Venizelos',b'20171113000740',0
410,105258,b'Adfacoolmartin',b'20171113002641',0
411,105259,b'DellusionallyRad',b'20171113003403',0
412,105260,b'Akar kaljurand',b'20171113013024',0
413,105261,b'Alar kaljurand',b'20171113013431',0
414,105262,b'Jheath92',b'20171113031252',0
415,105263,b'Coreballium',b'20171113034836',0
416,105264,b'Blockhaj',b'20171113050837',0
417,105265,b'Shakyzmanh4',b'20171113062557',0
418,105266,b'Reza Rahib',b'20171113063434',0
419,105267,b'Haalekas',b'20171113071944',3
420,105268,b'GilPe',b'20171113072817',0
421,105269,b'Nelias',b'20171113085544',0
422,105270,b'SiGlo',b'20171113094525',5
423,105271,b'Sirslayercort',b'20171113100732',0
424,105272,b'Liisakirss',b'20171113102755',0
425,105273,b'Impiir',b'20171113104747',5
426,105274,b'Kantakuziv',b'20171113111234',0
427,105275,b'Editorranjitksharma',b'20171113115444',0
428,105276,b'Zsoltii80',b'20171113134836',0
429,105277,b'Jsayer94',b'20171113134840',0
430,105278,b'Pavlov78',b'20171113135740',0
431,105279,b'Selkie upsilon',b'20171113141751',0
432,105280,b'Jaanolev',b'20171113151215',28
433,105281,b'Brekekekex',b'20171113152931',0
434,105282,b'Elyyza 1',b'20171113161620',14
435,105283,b'Law4all~ruwiki',b'20171113171048',0
436,105284,b'Tucaratv',b'20171113171714',0
437,105285,b'Eweht',b'20171113172425',0
438,105286,b'Chimmified',b'20171113193427',32
439,105287,b'Nymmik',b'20171113194024',0
440,105288,b'Kennetkaasik',b'20171113194927',2
441,105289,b'Arturj07',b'20171113201203',0
442,105290,b'Kuripoisu',b'20171113202755',1
443,105291,b'Mic.Ric.14978',b'20171113202850',0
444,105292,b'Micmic0929',b'20171113205041',0
445,105293,b'Zacambu',b'20171113205647',0
446,105294,b'Samelyjm',b'20171113213813',0
447,105295,b'Aceman444',b'20171113214637',0
448,105296,b'Dereklei929',b'20171113235721',0
449,105297,b'Zulu uluz',b'20171114003824',0
450,105298,b'Viktorkrugo',b'20171114005803',0
451,105299,b'Hicuzu',b'20171114071356',0
452,105300,b'Kolevatorrr',b'20171114073040',0
453,105301,b'Airbus A350',b'20171114074616',0
454,105302,b'Angelwhite',b'20171114074859',0
455,105303,b'Hentzz',b'20171114075246',0
456,105304,b'Kalju Mets',b'20171114084859',0
457,105305,b'Musisuu',b'20171114085129',1
458,105306,b'Gravrogk',b'20171114085657',0
459,105307,b'K\xc3\xa4tlin K\xc3\xbcngas',b'20171114093633',1
460,105308,b'\xd0\x9e.\xd0\x9c.',b'20171114093828',0
461,105309,b'Jeanpierre1977',b'20171114122114',0
462,105310,b'Klymandre',b'20171114123909',0
463,105311,b'Qbiko',b'20171114134038',0
464,105312,b'Michele53887',b'20171114140929',0
465,105313,b'JonneM\xc3\xa4nnam\xc3\xa4e',b'20171114141535',5
466,105314,b'Juniorcardenas30',b'20171114143107',0
467,105315,b'JPSS42',b'20171114145903',0
468,105316,b'Jaanusv',b'20171114154555',0
469,105317,b'Goprake',b'20171114155956',0
470,105318,b'Khoqandi',b'20171114165920',0
471,105319,b'Miller1337',b'20171114170123',0
472,105320,b'Massimmo',b'20171114171721',0
473,105321,b'CyclePenguin',b'20171114172204',0
474,105322,b'Kaurtsirel',b'20171114172213',2
475,105323,b'MargeLy',b'20171114175132',4
476,105324,b'Psanchez820',b'20171114192425',0
477,105325,b'Andreijueri1',b'20171114200504',1
478,105326,b'Fredriklindseth',b'20171114203302',0
479,105327,b'Veronika M\xc3\xa4ngli',b'20171114204325',2
480,105328,b'Sztanom',b'20171114210406',0
481,105329,b'Communautaire',b'20171114212449',0
482,105330,b'Artli',b'20171114215717',0
483,105331,b'Eozhik',b'20171114223552',0
484,105332,b'Gerry Lynch',b'20171114225109',0
485,105333,b'Kellseitse',b'20171114234924',0
486,105334,b'Zhouchengbin',b'20171115035027',0
487,105335,b'King kohli',b'20171115035431',0
488,105336,b'Poutnikl',b'20171115061521',0
489,105337,b'Huambo 2017',b'20171115074737',0
490,105338,b'Cubanoid de Castro',b'20171115074846',0
491,105339,b'Robbinorion',b'20171115074911',0
492,105340,b'Riinu37',b'20171115075539',1
493,105341,b'PandaTjeSatan',b'20171115075541',2
494,105342,b'Sniisu',b'20171115081019',1
495,105343,b'Lereikarual',b'20171115093010',7
496,105344,b'Paula M\xc3\xa4gi',b'20171115115519',1
497,105345,b'Brice-Royal',b'20171115120913',0
498,105346,b'TanelTamberg',b'20171115125305',6
499,105347,b'Ash1066',b'20171115125834',0
500,105348,b'Danielguta',b'20171115130019',0
501,105350,b'Ckoppel',b'20171115133136',14
502,105349,b'Black.sheep13',b'20171115133137',0
503,105351,b'PriitHM',b'20171115140033',0
504,105352,b'TGOTWT',b'20171115140658',0
505,105353,b'\xd3\x98\xd0\xb4\xd1\x96\xd0\xbb\xd0\xb1\xd0\xb5\xd0\xba \xd2\x9a\xd0\xb0\xd0\xb7\xd1\x8b\xd1\x85\xd0\xb0\xd0\xbd\xd0\xbe\xd0\xb2',b'20171115141707',1
506,105354,b'Aegidus',b'20171115153535',0
507,105355,b'Prospero One',b'20171115175630',0
508,105356,b'Irulan27',b'20171115181253',0
509,105357,b'Miniminni1',b'20171115183028',1
510,105358,b'Hopeso7',b'20171115191325',0
511,105359,b'ALLvet',b'20171115193145',0
512,105360,b'ZellmerLP',b'20171115194837',0
513,105361,b'Chen Gershuni',b'20171115195920',0
514,105362,b'Wikipidianen',b'20171115200907',0
515,105363,b'EvaLesowska',b'20171115202044',0
516,105364,b'Janar1995',b'20171115203003',2
517,105365,b'Thejackamo',b'20171115203720',0
518,105366,b'Kellygortopann',b'20171115211224',0
519,105367,b'Magianaturalis',b'20171115213736',37
520,105368,b'Enekunnaknajtsirk',b'20171115232402',2
521,105369,b'Na.Smash',b'20171115233145',0
522,105370,b'Donnchadhof',b'20171116002312',0
523,105371,b'Elkun86',b'20171116010044',0
524,105372,b'Ricardosdag',b'20171116023120',0
525,105373,b'Ryuukishi1998',b'20171116044447',0
526,105374,b'Xotiro',b'20171116055631',0
527,105375,b'Punktipilv',b'20171116075753',4
528,105376,b'Cooppank',b'20171116101248',1
529,105377,b'Yuyuhunter',b'20171116101436',0
530,105378,b'Ufufcguc',b'20171116110321',0
531,105379,b'House vanko',b'20171116111150',0
532,105380,b'Chiara Consonni (BEIC)',b'20171116123527',1
533,105381,b'Raplakk',b'20171116123916',0
534,105382,b'Fjii',b'20171116125040',0
535,105383,b'Janrekoort',b'20171116132725',8
536,105384,b'Ambroise MEJEAN',b'20171116141208',0
537,105385,b'Swordmaster146',b'20171116142547',0
538,105386,b'Sehrizad',b'20171116143114',0
539,105387,b'Olks89',b'20171116151204',12
540,105388,b'Liam0711',b'20171116164346',0
541,105389,b'Katipati',b'20171116165220',4
542,105390,b'Soumyapatra13',b'20171116170054',0
543,105391,b'Daniilkrvv',b'20171116172502',0
544,105392,b'Scioverum',b'20171116174953',0
545,105393,b'BurnBird1',b'20171116175048',0
546,105394,b'Riina552',b'20171116175820',0
547,105395,b'Knoomaa',b'20171116185413',6
548,105396,b'Aeg-ruum-2',b'20171116185850',167
549,105397,b'Tom Dawkes',b'20171116193112',0
550,105398,b'NazBolEstonia',b'20171116194311',0
551,105399,b'Professor Nirk',b'20171116202336',1
552,105400,b'GalaxyMixer',b'20171116204221',0
553,105401,b'Valter789',b'20171116210451',2
554,105402,b'Rehabeam',b'20171116223745',0
555,105403,b'Ac 12romero22',b'20171116233922',0
556,105404,b'Beholdthequeen',b'20171116234448',0
557,105405,b'Mario200511',b'20171116235225',0
558,105406,b'\xd0\x91\xd0\xb5\xd1\x82\xd1\x83\xd0\xbb\xd0\xb0 \xd0\x9a\xd0\xb0\xd1\x80\xd0\xbe\xd0\xbb\xd0\xbe\xd0\xb3\xd0\xb0',b'20171117000353',0
559,105407,b'FghbGhhbb',b'20171117002726',0
560,105408,b'ErickWikiLoco',b'20171117030930',0
561,105409,b'Max Gontar',b'20171117074030',0
562,105410,b'Marinmehide',b'20171117075659',6
563,105411,b'ExoticWalrus',b'20171117083008',0
564,105412,b'PriitV',b'20171117084659',23
565,105413,b'LauriKodres',b'20171117084804',105
566,105414,b'Ehitaja1337',b'20171117090712',0
567,105415,b'Limonaad',b'20171117093120',11
568,105416,b'Cyberdat',b'20171117093301',0
569,105417,b'MathiasNMadsen13.',b'20171117093511',0
570,105418,b'MarkoJuv',b'20171117120422',0
571,105419,b'UsernameNotInUse',b'20171117123945',0
572,105420,b'Alicezeppelin',b'20171117131340',0
573,105421,b'Rolltreppchen',b'20171117131803',0
574,105422,b'KouluttajaHuuHAA',b'20171117134837',0
575,105423,b'Veera.berjozko',b'20171117150817',0
576,105424,b'Chinbrad',b'20171117153132',0
577,105425,b'Moemar',b'20171117171900',0
578,105426,b'Chicken171',b'20171117172920',2
579,105427,b'Gabriel5647',b'20171117192507',0
580,105428,b'Mraslat',b'20171117204300',0
581,105429,b'Yungmemelord',b'20171117214101',0
582,105430,b'YKVh',b'20171117220857',3
583,105431,b'Davenport1988',b'20171117221725',0
584,105432,b'Jesse Lomma',b'20171117225652',0
585,105433,b'Mixer82',b'20171117230352',0
586,105434,b'Daniela Kloth',b'20171117230623',0
587,105435,b'Hector prieto',b'20171117234658',0
588,105436,b'Rafael Rodr\xc3\xadguez Geuirado',b'20171118000716',0
589,105437,b'Wiki surfer bcr',b'20171118010431',0
590,105438,b'Sawsyon',b'20171118034201',0
591,105439,b'SamigullinM',b'20171118064420',0
592,105440,b'Velteau',b'20171118064832',0
593,105441,b'SempressFi',b'20171118064934',0
594,105442,b'Skiate',b'20171118072832',0
595,105443,b'Pilarbini',b'20171118075335',0
596,105444,b'Rigaautos',b'20171118092425',0
597,105445,b'Goepfrich313',b'20171118105221',0
598,105446,b'Kapibada',b'20171118110617',0
599,105447,b'Lauraeiche',b'20171118110851',23
600,105448,b'IvaAstra01',b'20171118113433',0
601,105449,b'Wafiullah amarkhel',b'20171118124153',0
602,105450,b'Stenger Gerhardt',b'20171118135116',0
603,105451,b'Jeki G',b'20171118143413',0
604,105452,b'Thomas 0043',b'20171118144124',0
605,105453,b'SlyEcho',b'20171118151612',0
606,105454,b'\xd9\x83\xd9\x88\xd9\x86\xd8\xa7\xd9\x86',b'20171118153155',0
607,105455,b'L0ll0',b'20171118154739',0
608,105456,b'TaperNumero22',b'20171118155059',0
609,105457,b'Avadhal',b'20171118155752',0
610,105458,b'RobiKobiFobi',b'20171118161859',0
611,105459,b'\xc4\xb0stifad\xc9\x99\xc3\xa7i',b'20171118162203',0
612,105460,b'Josemanuelct1103',b'20171118164913',0
613,105461,b'&beer&love',b'20171118165759',0
614,105462,b'Shelayla',b'20171118171844',0
615,105463,b'Borzywoy',b'20171118172309',0
616,105464,b'\xd0\xa1 2003 \xd0\x90 \xd0\x92',b'20171118174229',0
617,105465,b'Arraycom',b'20171118181311',0
618,105466,b'Pknaust',b'20171118193438',0
619,105467,b'Abebambele',b'20171118193645',0
620,105468,b'Bextrel',b'20171118195435',0
621,105469,b'\xd0\x93\xd0\xbe\xd1\x88\xd0\xb00102',b'20171118201303',0
622,105470,b'Rufet Turkmen',b'20171118201935',0
623,105471,b'Aquilae.',b'20171118203931',0
624,105472,b'Digitalherp',b'20171118204123',0
625,105473,b'KjESCil',b'20171118210443',0
626,105474,b'GetterVagula',b'20171118224412',0
627,105475,b'Nox60',b'20171118230309',0
628,105476,b'OD02fr',b'20171118233945',1
629,105477,b'\xe9\x83\xbd\xe7\x8e\x89\xe8\x91\xb1',b'20171119001859',0
630,105478,b'FrontStabberArson',b'20171119010042',0
631,105479,b'Diegoivan1990',b'20171119035932',0
632,105480,b'Fyodor95',b'20171119044911',0
633,105481,b'Oleg.morozov',b'20171119063810',1
634,105482,b'Nimik',b'20171119090445',0
635,105483,b'Travelbird',b'20171119095057',0
636,105484,b'Venekeeleabi',b'20171119104901',0
637,105485,b'Manish MAURYA',b'20171119112838',0
638,105486,b'Meijyosen',b'20171119132113',0
639,105487,b'Echo of Siddhartha',b'20171119134151',0
640,105488,b'Gvillauwe',b'20171119144438',0
641,105489,b'Abhinav414',b'20171119160808',0
642,105490,b'MargaretL',b'20171119173338',4
643,105491,b'44liste',b'20171119174104',7
644,105492,b'Aitaleidakuusepuu',b'20171119175351',0
645,105493,b'BalthasarHesse',b'20171119175607',8
646,105494,b'J. W. Alberino',b'20171119175648',0
647,105495,b'Costantinos XI',b'20171119185103',0
648,105496,b'\xd7\x99\xd7\x95\xd7\xa8\xd7\x9d \xd7\xa9\xd7\x95\xd7\xa8\xd7\xa7',b'20171119192955',0
649,105497,b'Ojalaingrid',b'20171119202313',0
650,105498,b'Youssefbhy',b'20171119213116',0
651,105499,b'Ajategur',b'20171119213759',6
652,105500,b'Tiny green',b'20171119222710',0
653,105501,b'Chezmaxime',b'20171119224553',0
654,105502,b'Dr. Neurosis',b'20171119231140',0
655,105503,b'KalebH',b'20171119233953',0
656,105504,b'Nguoi do thai',b'20171120011012',0
657,105505,b'Gianluccato',b'20171120022608',0
658,105506,b'Ejl389',b'20171120034432',0
659,105507,b'LWL12345',b'20171120083159',0
660,105508,b'Tpriit',b'20171120084202',1
661,105509,b'Babylone2090',b'20171120093718',4
662,105510,b'Uoui',b'20171120102343',18
663,105511,b'Oskarmartinvr',b'20171120102719',1
664,105512,b'Paul LEAVY',b'20171120104611',0
665,105513,b'NascarITA',b'20171120110656',0
666,105514,b'Teedeehitus69',b'20171120124935',3
667,105515,b'Vladimir Moskaljov',b'20171120125646',1
668,105516,b'Maria Kanatova',b'20171120125736',0
669,105517,b'Lltedrest',b'20171120130951',0
670,105518,b'Duduzimm',b'20171120133815',0
671,105519,b'Panzer VI-II',b'20171120135817',0
672,105520,b'DOC hudson',b'20171120141722',0
673,105521,b'Haage42',b'20171120141810',0
674,105522,b'Kanepimees',b'20171120143418',1
675,105523,b'Nukkemestari',b'20171120174639',0
676,105524,b'Sthaug',b'20171120180743',0
677,105525,b'Vitalicloud',b'20171120194923',0
678,105526,b'Alex Koov',b'20171120200135',0
679,105527,b'1muntasir',b'20171120201319',0
680,105528,b'Manubara',b'20171120203356',0
681,105529,b'StefanNI',b'20171120205947',0
682,105530,b'HydroxyPCP',b'20171120210000',0
683,105531,b'Leonardo Jos\xc3\xa9 Raimundo',b'20171120210013',0
684,105532,b'Andres.lasn',b'20171120211850',0
685,105533,b'Talsta',b'20171120213326',0
686,105534,b'SlowSto',b'20171120221514',0
687,105535,b'Akitstika',b'20171120223457',0
688,105536,b'Odyssey2017',b'20171120225519',5
689,105537,b'ZhenWan',b'20171121001546',0
690,105538,b'DejaVu',b'20171121003148',0
691,105539,b'MasonDecker222',b'20171121020439',2
692,105540,b'Elshan elshan',b'20171121045413',0
693,105541,b'Mumroos',b'20171121062951',0
694,105542,b'Andre.Rodier',b'20171121072553',0
695,105543,b'Kalle kallu',b'20171121075932',14
696,105544,b'Lancelot59.tw',b'20171121080259',0
697,105545,b'Ktlincarolin',b'20171121081913',7
698,105546,b'Annike Laigo',b'20171121082234',1
699,105547,b'Fabian42',b'20171121092458',0
700,105548,b'Kakapoiss',b'20171121093923',1
701,105549,b'KalevRudolfTaavi',b'20171121095439',23
702,105550,b'Siimh',b'20171121103648',0
703,105551,b'CelestialKeystone',b'20171121104505',0
704,105552,b'Lightborn',b'20171121110415',0
705,105553,b'Artur Izotov',b'20171121113806',0
706,105554,b'Apal8',b'20171121114114',0
707,105555,b'Mittelhauser1919',b'20171121123626',0
708,105556,b'Sanessas',b'20171121124115',0
709,105557,b'Silvia-Anna Gerontidi',b'20171121125239',0
710,105558,b'Britt Rand',b'20171121125442',0
711,105559,b'SandraF (WMF)',b'20171121130057',0
712,105560,b'Agnostos Theos',b'20171121134348',0
713,105561,b'Piilonen',b'20171121140016',0
714,105562,b'Mardikas3',b'20171121142000',0
715,105563,b'J\xc3\xb3l vagyok',b'20171121143034',0
716,105564,b'Saryglar',b'20171121150142',0
717,105565,b'Ermell',b'20171121150949',0
718,105566,b'AY87',b'20171121154457',0
719,105567,b'Hhelenaka',b'20171121161138',5
720,105568,b'Apertui',b'20171121161551',0
721,105569,b'Erikas2003',b'20171121162944',0
722,105570,b'Maango58',b'20171121170934',0
723,105571,b'Aspflcn',b'20171121172136',0
724,105572,b'JohannMattiasHumal',b'20171121173142',1
725,105573,b'Toomaspa',b'20171121174147',2
726,105574,b'Nicknamefordumb',b'20171121175644',0
727,105575,b'Tekstiil1234',b'20171121180320',6
728,105576,b'MarkusParm',b'20171121181249',1
729,105577,b'Brdv',b'20171121182105',1
730,105578,b'SanderHenry',b'20171121182427',2
731,105579,b'Saintjos',b'20171121190042',0
732,105580,b'Viet2001',b'20171121192038',0
733,105581,b'Kaksikukke',b'20171121194211',0
734,105582,b'Garabekir',b'20171121201530',0
735,105583,b'Enast',b'20171121202512',0
736,105584,b'Paleolithic Brain',b'20171121205258',0
737,105585,b'Sapientia Immortalis',b'20171121205554',0
738,105586,b'Svrrealblack',b'20171121223212',0
739,105587,b'Ig24',b'20171122011022',0
740,105588,b'Grand pool',b'20171122021338',0
741,105589,b'Ae\xc3\xbe E\xc5\xbaabrek\xc4\xb1n',b'20171122033739',0
742,105590,b'Doomsday290',b'20171122053433',0
743,105591,b'Ragnar-Heini Landsov',b'20171122064458',3
744,105592,b'Xana343',b'20171122082609',0
745,105593,b'Priwo',b'20171122083831',0
746,105594,b'Ann34567890',b'20171122084737',1
747,105595,b'PaulasBunt',b'20171122084925',1
748,105596,b'Qkd',b'20171122091830',1
749,105597,b'Lehcsi',b'20171122094217',0
750,105598,b'RahelLindp\xc3\xa4rg',b'20171122094328',1
751,105599,b'Greifen',b'20171122094900',0
752,105600,b'Fayhoo',b'20171122104159',0
753,105601,b'ValeriiaMitjurina',b'20171122110626',1
754,105602,b'Tino Bartsch (WMDE)',b'20171122111820',0
755,105603,b'\xe0\xb8\xa3\xe0\xb9\x89\xe0\xb8\xad\xe0\xb8\xa2\xe0\xb8\x95\xe0\xb8\xa3\xe0\xb8\xb5 \xe0\xb9\x82\xe0\xb8\x8a\xe0\xb8\x84\xe0\xb8\x94\xe0\xb8\xb5',b'20171122113720',0
756,105604,b'Karoliine Timberg',b'20171122113944',27
757,105605,b'Lucas Werkmeister (WMDE)',b'20171122115828',0
758,105606,b'Jonathan Hall',b'20171122121817',0
759,105607,b'Guidoguidoguidoguido',b'20171122123204',7
760,105608,b'Michael Chan',b'20171122123219',0
761,105609,b'Crackall',b'20171122124007',0
762,105610,b'V\xc3\xb5rkpoiss',b'20171122125329',6
763,105611,b'Eugokrusell',b'20171122130106',1
764,105612,b'Mart.kuky',b'20171122131454',0
765,105613,b'MANOJ YADAV (MS)',b'20171122132641',0
766,105614,b'Oveis.bnd90',b'20171122133242',0
767,105615,b'Toomas Marrandi',b'20171122133447',0
768,105616,b'MeritKo',b'20171122134541',0
769,105617,b'Priit Kulu',b'20171122144824',0
770,105618,b'At.Ras',b'20171122155404',0
771,105619,b'\xd0\x90\xd1\x80\xd1\x82\xd0\xb5\xd0\xbc \xd0\xa8\xd0\xb8\xd0\xbc\xd0\xb0\xd0\xbd\xd0\xbe\xd0\xb2\xd1\x81\xd1\x8c\xd0\xba\xd0\xb8\xd0\xb9',b'20171122163125',0
772,105620,b'Lol21ggo',b'20171122165212',0
773,105621,b'Skklm15',b'20171122165810',0
774,105622,b'GlebCom',b'20171122173531',0
775,105623,b'Markmets 12',b'20171122173612',2
776,105624,b'SirSlither',b'20171122173630',0
777,105625,b'Simokene',b'20171122173646',0
778,105626,b'Joosep200',b'20171122175256',4
779,105627,b'Cronwood',b'20171122185029',0
780,105628,b'Jakobansu',b'20171122185137',5
781,105629,b'Shakkimatti',b'20171122190329',0
782,105630,b'Daniel Jefimov',b'20171122192718',1
783,105631,b'Kadans64',b'20171122194416',0
784,105632,b'Mat\xc3\xba\xc5\xa1 Tremko',b'20171122200204',0
785,105633,b'Racerautov9',b'20171122202122',0
786,105634,b'ElariSarapuu',b'20171122204715',7
787,105635,b'Mahomet Najim',b'20171122213222',0
788,105636,b'Minex57',b'20171122214721',0
789,105637,b'Alo\xc3\xafs Peiffer',b'20171122220341',0
790,105638,b'Matisleima',b'20171122220652',4
791,105639,b'Nate mf 79',b'20171122223848',0
792,105640,b'Minf',b'20171123062006',0
793,105641,b'ArturBergmann',b'20171123070516',4
794,105642,b'Maavara',b'20171123073148',1
795,105643,b'Kazhe',b'20171123080406',0
796,105644,b'AnneIF',b'20171123101609',0
797,105645,b'AlejandroR1990',b'20171123104218',0
798,105646,b'IlleRo',b'20171123111332',0
799,105647,b'Gregorjus',b'20171123125628',7
800,105648,b'Mannlaak',b'20171123133112',0
801,105649,b'VTund',b'20171123133713',10
802,105650,b'EgertMoek',b'20171123135513',2
803,105651,b'Kidrun',b'20171123135625',3
804,105652,b'S\xc3\xb5restik',b'20171123141659',8
805,105653,b'Legacy83',b'20171123145453',0
806,105654,b'El Gecko',b'20171123150125',0
807,105655,b'Martin Melsas',b'20171123154428',6
808,105656,b'Naturaalne krabi',b'20171123155727',2
809,105657,b'Jannukemusi',b'20171123160704',0
810,105658,b'Archeolucia',b'20171123160926',0
811,105659,b'NATO.Caliber',b'20171123164809',0
812,105660,b'Gridditsch',b'20171123173416',0
813,105661,b'Collegium Musicale',b'20171123175317',6
814,105662,b'Aeg-ruum1',b'20171123183242',21
815,105663,b'Sumlane',b'20171123183515',0
816,105664,b'Phle70',b'20171123183741',0
817,105665,b'Hartenheer',b'20171123184516',0
818,105666,b'Andikondor',b'20171123190709',0
819,105667,b'FalangePL',b'20171123190836',0
820,105668,b'Andikondor5',b'20171123191042',0
821,105669,b'WikiGraziani',b'20171123191501',2
822,105670,b'Tarvi21',b'20171123200222',0
823,105671,b'Megashrek1',b'20171123202932',0
824,105672,b'Mon Ami',b'20171123203125',0
825,105673,b'Reikor',b'20171123210754',0
826,105674,b'Estonian dixieland band',b'20171123213535',6
827,105675,b'Arm culture',b'20171123234439',0
828,105676,b'Tomaxer',b'20171123235009',0
829,105677,b'Ek\xc3\xb8',b'20171124004843',0
830,105678,b'Kubelreiter',b'20171124031252',0
831,105679,b'\xd0\x90\xd0\xb4\xd0\xb8\xd0\xbb\xd1\x8c\xd0\xb1\xd0\xb5\xd0\xba \xd0\x9a\xd0\xb0\xd0\xb7\xd1\x8b\xd1\x85\xd0\xb0\xd0\xbd\xd0\xbe\xd0\xb2',b'20171124063617',2
832,105680,b'Tkoivumaki',b'20171124070142',0
833,105681,b'Valgelammas',b'20171124082626',1
834,105682,b'Alkari',b'20171124085935',0
835,105683,b'Gro\xc3\x9ferHund',b'20171124090437',0
836,105684,b'Borisqch',b'20171124094354',1
837,105685,b'Hannalaurasepp',b'20171124094730',2
838,105686,b'K347',b'20171124100739',1
839,105687,b'Jaankoort',b'20171124112055',0
840,105688,b'Mirell Jakobson',b'20171124113619',1
841,105689,b'BjKa',b'20171124121020',1
842,105690,b'KetterHiiem\xc3\xa4e',b'20171124141624',9
843,105691,b'H\xc3\xa4liPalmiste',b'20171124141942',0
844,105692,b'Ofek8010',b'20171124142551',0
845,105693,b'Fffdiesel',b'20171124145924',0
846,105694,b'MPCD Markus',b'20171124153021',0
847,105695,b'Kotkas82otkas82',b'20171124154320',0
848,105696,b'Kiiskristo',b'20171124161150',1
849,105697,b'Polarbird',b'20171124162915',0
850,105698,b'Securebear96',b'20171124164512',0
851,105699,b'\xd0\x9f\xd1\x96\xd0\xbb\xd1\x96\xd0\xbf',b'20171124165520',0
852,105700,b'Jigl',b'20171124181924',0
853,105701,b'Mkova',b'20171124194759',0
854,105702,b'Thibaultdej',b'20171124200420',0
855,105703,b'Natcase',b'20171124205032',0
856,105704,b'GABAccc',b'20171124210220',0
857,105705,b'ThereRNoStringsOnMe',b'20171124210338',0
858,105706,b'Maret Merisaar',b'20171124210404',4
859,105707,b'Eleviskus',b'20171124213457',0
860,105708,b'Soufian Sghiri',b'20171124220825',0
861,105709,b'Qstas',b'20171124230305',3
862,105710,b'Rui78901',b'20171124231201',0
863,105711,b'SUM1',b'20171124235524',0
864,105712,b'Haisook',b'20171125005326',0
865,105713,b'Wesllyinfo',b'20171125020929',0
866,105714,b'Maximumcoolbeans',b'20171125022651',0
867,105715,b'Jjhsnail0822',b'20171125033733',0
868,105716,b'Fedortsev.Aleksei',b'20171125053559',1
869,105717,b'Marukusu7777',b'20171125055423',0
870,105718,b'Kkorsten',b'20171125060237',2
871,105719,b'Rafa\xc5\x820001',b'20171125064051',0
872,105720,b'Stale Champagne',b'20171125080255',0
873,105721,b'Yahya Elyas Lone',b'20171125081621',0
874,105722,b'Ouyang yuzhen',b'20171125101030',0
875,105723,b'Rtriinu',b'20171125102954',0
876,105724,b'Katlasn',b'20171125120857',0
877,105725,b'Brucointestino',b'20171125121750',0
878,105726,b'Thempq',b'20171125124025',0
879,105727,b'\xd9\x88\xdb\x8c\xda\xa9\xdb\x8c',b'20171125125543',0
880,105728,b'Pyongzou',b'20171125130543',0
881,105729,b'HolbyCityFan',b'20171125132208',0
882,105730,b'HatPower',b'20171125133326',3
883,105731,b'Ciub',b'20171125153940',0
884,105732,b'Mareklaane',b'20171125155307',1
885,105733,b'ToomasMatisen',b'20171125160613',4
886,105734,b'Daryl Moss',b'20171125191448',0
887,105735,b'Mundopopular',b'20171125200455',0
888,105736,b'PrimoIH',b'20171125224420',0
889,105737,b'Piotr Moskal',b'20171125225503',0
890,105738,b'1-Ingith Vhulhelm-1',b'20171126002906',0
891,105739,b'Tomixlv',b'20171126010125',0
892,105740,b'PrincessDellia',b'20171126025506',0
893,105741,b'FinalForm',b'20171126045348',0
894,105742,b'Ryota Yamazaki',b'20171126090859',0
895,105743,b'Annikarahuoja',b'20171126093126',5
896,105744,b'AAWUU',b'20171126105247',0
897,105745,b'Kgw1226',b'20171126111404',2
898,105746,b'Karolinjyrise',b'20171126111449',4
899,105747,b'Gagarinxd',b'20171126124834',6
900,105748,b'Neuralmeteorology',b'20171126132224',0
901,105749,b'Manodeka',b'20171126132243',4
902,105750,b'Bengteklund',b'20171126133701',0
903,105751,b'Mdzobayr',b'20171126134217',0
904,105752,b'Andromeda32',b'20171126141430',0
905,105753,b'FINNish',b'20171126144252',0
906,105754,b'S.Mueller44',b'20171126144614',0
907,105757,b'Mel Koroljov',b'20171126150614',7
908,105758,b'Cicko9',b'20171126151451',6
909,105759,b'Marlen.Ruul',b'20171126151711',1
910,105760,b'Romuruotsalainen',b'20171126154525',0
911,105761,b'Unkirill',b'20171126154949',0
912,105762,b'Silje11',b'20171126155948',0
913,105763,b'Lukas1254',b'20171126163323',0
914,105764,b'Jason Bilevitz',b'20171126164507',0
915,105765,b'Kandulandu',b'20171126172653',0
916,105766,b'Marietoome',b'20171126174146',26
917,105767,b'Karl Eerik Eisenschmidt',b'20171126174400',0
918,105768,b'Yanbad13257',b'20171126175839',0
919,105769,b'Mackww2',b'20171126180835',0
920,105770,b'Snowmintest',b'20171126182208',0
921,105771,b'Mlsco',b'20171126182253',12
922,105772,b'Pajmik1',b'20171126184118',0
923,105773,b'F16',b'20171126184636',0
924,105774,b'LoveVanPersie',b'20171126194920',0
925,105775,b'Knoterification',b'20171126195757',0
926,105776,b'Rhudson',b'20171126203509',0
927,105777,b'N\xc3\xb6nicht',b'20171126212330',0
928,105778,b'Usterlitz',b'20171126214706',0
929,105779,b'Sajjawd',b'20171126220138',0
930,105780,b'\xd0\x90\xd0\xbd\xd0\xb4\xd1\x80\xd0\xb5\xd0\xb9 \xd0\x96\xd0\xb8\xd0\xb7\xd0\xbb\xd0\xbe\xd0\xb2',b'20171126232523',0
931,105781,b'Poklane',b'20171126234026',0
932,105782,b'Javisalas',b'20171127003213',0
933,105783,b'CbVolfovichz',b'20171127023556',0
934,105784,b'Harrioun',b'20171127055112',5
935,105785,b'\xd0\x90\xd0\xbb\xd0\xb5\xd0\xba\xd1\x81\xd0\xb0\xd0\xbd\xd0\xb4\xd1\x80 \xd0\xa2\xd0\xb0\xd0\xbd\xd1\x87\xd1\x83\xd0\xb3\xd0\xb8\xd0\xbd',b'20171127064231',0
936,105786,b'Hommikunep\xc3\xa4ike',b'20171127070115',5
937,105787,b'Lammaste',b'20171127075209',1
938,105788,b'SirliH',b'20171127081756',1
939,105789,b'Mahlakas',b'20171127102047',3
940,105790,b'Emass100',b'20171127102251',0
941,105791,b'Lordmat14',b'20171127103055',0
942,105792,b'Triinuep',b'20171127114921',1
943,105793,b'Alexanderdelval',b'20171127122644',0
944,105794,b'Matijunior',b'20171127125139',0
945,105795,b'Nklog',b'20171127125850',0
946,105796,b'Liisi.somera',b'20171127132714',2
947,105797,b'Ananabanan',b'20171127133700',0
948,105798,b'RPIB',b'20171127140607',0
949,105799,b'Hadanma',b'20171127150831',0
950,105800,b'K\xc3\xa4pikud',b'20171127160723',1
951,105801,b'Oliver.vanem',b'20171127161514',3
952,105802,b'KellyAlloha',b'20171127161658',1
953,105803,b'Siiriviiri',b'20171127165214',21
954,105804,b'\xe1\x83\x9b\xe1\x83\x90\xe1\x83\xa0\xe1\x83\x98\xe1\x83\x90\xe1\x83\x9b \xe1\x83\x9b\xe1\x83\x94\xe1\x83\xa1\xe1\x83\xae\xe1\x83\x98',b'20171127165857',0
955,105805,b'Lhayduk',b'20171127170406',0
956,105806,b'Martinacool',b'20171127170507',0
957,105807,b'Olensuperstar',b'20171127172034',4
958,105808,b'Sander56789',b'20171127181600',0
959,105809,b'OosakaNoOusama',b'20171127181747',0
960,105810,b'Zuwitz',b'20171127182702',0
961,105811,b'Annmw',b'20171127184202',4
962,105812,b'Zura.surmanidze',b'20171127190018',0
963,105813,b'Vleertouwer',b'20171127190605',0
964,105814,b'VikiMari',b'20171127192635',0
965,105815,b'Nijatothefrog',b'20171127200229',0
966,105816,b'Carwil',b'20171127204050',0
967,105817,b'Fountains of Bryn Mawr',b'20171127204422',0
968,105818,b'Udu69',b'20171127222613',0
969,105819,b'AsimarXiangke',b'20171127224303',0
970,105820,b'Preiker1',b'20171128023525',0
971,105821,b'Eddisawesome',b'20171128024109',0
972,105822,b'Katemjohn',b'20171128035939',0
973,105823,b'Siriousje',b'20171128043324',0
974,105824,b'Kadomaeurope',b'20171128044707',0
975,105825,b'Adenray',b'20171128062153',0
976,105826,b'GlashaLeo',b'20171128064432',0
977,105827,b'Kinoaeg',b'20171128083550',7
978,105828,b'Ka5utaja',b'20171128085959',4
979,105829,b'Karin.kivisild',b'20171128091307',1
980,105830,b'Giosco11',b'20171128092351',0
981,105831,b'\xc3\x96\xc3\xb6loom',b'20171128100811',3
982,105832,b'Letsdoitworld',b'20171128103044',1
983,105833,b'Matis.rodin',b'20171128110550',1
984,105834,b'Mari mgebrishvili',b'20171128113647',0
985,105835,b'Rprans',b'20171128121108',5
986,105836,b'Markkaar',b'20171128121211',8
987,105837,b'Lennartlennuk',b'20171128122817',1
988,105838,b'Blkndblu',b'20171128123421',9
989,105839,b'CeciliaMatilda',b'20171128125633',0
990,105840,b'Ragkatsis',b'20171128125637',0
991,105841,b'Shpeex',b'20171128125724',0
992,105842,b'Arbuus Jr',b'20171128131814',0
993,105843,b'NisJ\xc3\xb8rgensen',b'20171128140646',0
994,105844,b'WikiPooker',b'20171128141545',0
995,105845,b'Richmond Reanzares',b'20171128143721',0
996,105846,b'Hibirina',b'20171128150539',0
997,105847,b'Mikk1996',b'20171128154354',0
998,105848,b'Riinli',b'20171128155102',1
999,105849,b'Sidonie61',b'20171128162130',0
1000,105850,b'Euro2095',b'20171128164308',0
1001,105851,b'DanielFA8',b'20171128170150',0
1002,105852,b'Sunnyeceku',b'20171128175530',0
1003,105853,b'Thapa Kazi999',b'20171128175616',0
1004,105854,b'Musicmaster69',b'20171128183121',0
1005,105855,b'DsDante',b'20171128194459',0
1006,105856,b'Emilvar8',b'20171128201511',0
1007,105857,b'Sunyiran1993',b'20171128205337',0
1008,105858,b'Tohuvapohu',b'20171128211039',4
1009,105859,b'Europe22',b'20171128231758',0
1010,105860,b'Huelam987',b'20171129070240',6
1011,105861,b'Samsamatu',b'20171129072807',4
1012,105862,b'Snevir',b'20171129072950',0
1013,105863,b'Oleh Hushchyn',b'20171129082659',0
1014,105864,b'GhostOrchid35',b'20171129083647',0
1015,105865,b'GKantaris',b'20171129084420',0
1016,105866,b'Luistxo',b'20171129091247',0
1017,105867,b'Katerina1219',b'20171129092652',0
1018,105868,b'Lipsense',b'20171129092726',0
1019,105869,b'Matthias S\xc3\xbc\xc3\x9fen',b'20171129095724',0
1020,105870,b'Atlas86',b'20171129101453',0
1021,105871,b'Merrukad',b'20171129102014',0
1022,105872,b'J744',b'20171129102921',0
1023,105873,b'Sookail1',b'20171129110928',7
1024,105874,b'Bobyrrr',b'20171129114617',0
1025,105875,b'Jaheipa',b'20171129114749',2
1026,105876,b'Franciscus',b'20171129120925',0
1027,105877,b'Gnome Enthusiast',b'20171129122300',0
1028,105878,b'Tetzemann',b'20171129122838',0
1029,105879,b'Markussein',b'20171129123715',1
1030,105880,b'Sala mi pizza',b'20171129131852',0
1031,105881,b'Uljana karpova',b'20171129131930',4
1032,105882,b'RVBest',b'20171129132413',0
1033,105883,b'Drizzletv',b'20171129133916',0
1034,105884,b'Katilu',b'20171129141323',2
1035,105885,b'Ramirovski',b'20171129144741',0
1036,105886,b'Qoole',b'20171129145521',0
1037,105887,b'Earthyrium',b'20171129151543',0
1038,105888,b'Maxxx2004',b'20171129155102',28
1039,105889,b'Kawaiieditor',b'20171129160215',1
1040,105890,b'Borcholt',b'20171129162342',0
1041,105891,b'Annabirgittae',b'20171129171107',1
1042,105892,b'Swpb',b'20171129171232',0
1043,105893,b'Odawg1414',b'20171129171748',0
1044,105894,b'Nyutko Green',b'20171129172132',0
1045,105895,b'Rickyschulte',b'20171129191441',0
1046,105896,b'CatherineSdrv',b'20171129200816',5
1047,105897,b'Marianna Costa',b'20171129203416',0
1048,105898,b'Kerla003+',b'20171129203743',0
1049,105899,b'Keraamik',b'20171129204236',47
1050,105900,b'Technob105',b'20171129205703',0
1051,105901,b'Ayusharora2010',b'20171129210419',0
1052,105902,b'Eesi Raa',b'20171129212110',5
1053,105903,b'Tuvikepuuotsas',b'20171129213636',4
1054,105904,b'\xd0\x90\xd0\xbd\xd0\xb4\xd1\x80\xd1\x96\xd0\xb9 \xd0\x91\xd0\xbe\xd0\xbd\xd0\xb4\xd0\xb0\xd1\x80',b'20171129222847',0
1055,105905,b'Hinaba78',b'20171130033329',0
1056,105906,b'Eliyili00',b'20171130041439',0
1057,105907,b'Triinumari',b'20171130072304',14
1058,105908,b'Calvinjohn',b'20171130080736',0
1059,105909,b'Kodutunne',b'20171130081203',1
1060,105910,b'Clicklander',b'20171130081226',0
1061,105911,b'Renshno',b'20171130102311',0
1062,105912,b'Lyon Cyborg',b'20171130102523',0
1063,105913,b'Tusiakania',b'20171130112734',0
1064,105914,b'Eestlane2017',b'20171130130042',0
1065,105915,b'\xce\xa4\xce\xad\xcf\x83\xcf\x83\xce\xb5\xcf\x81\xce\xb1',b'20171130135241',0
1066,105916,b'Abelrdl',b'20171130135718',0
1067,105917,b'Leila H',b'20171130140338',0
1068,105918,b'Raccoonny',b'20171130141352',0
1069,105919,b'Donarlekiino',b'20171130160735',9
1070,105920,b'Mhait-Martin',b'20171130161105',6
1071,105921,b'Jekaterina.ovtsinnikova',b'20171130161828',2
1072,105922,b'Cathrotterdam',b'20171130161935',0
1073,105923,b'Piret Oja',b'20171130164124',0
1074,105924,b'Maasiklane',b'20171130175519',4
1075,105925,b'Rutslumi',b'20171130175602',4
1076,105926,b'T\xc3\xa4pid',b'20171130180249',17
1077,105927,b'Schlepptop',b'20171130200749',0
1078,105928,b'TreMalproksime',b'20171130205341',0
1079,105929,b'Emvee',b'20171130205919',0
1080,105930,b'Sandervalge',b'20171130210632',0
1081,105931,b'Lisa ko',b'20171130211404',0
1082,105932,b'BJako',b'20171130211537',1
1083,105933,b'Ciccio silvi',b'20171130212502',0
1084,105934,b'Yekaterina Zamolodchikova',b'20171130213040',0
1085,105935,b'Dusdia',b'20171130222551',0
1086,105936,b'Emscherblau',b'20171130224737',0
1087,105937,b'Kristina.piirimaa',b'20171130232523',6
1088,105938,b'P.geisler',b'20171130235457',0
