,id,name,edits,user registration
0,114203,11editor17,1,2018-04-30T07:16:58Z
1,114149,44344O121,10,2018-04-28T13:31:38Z
2,114127,Aapvare,17,2018-04-27T18:09:49Z
3,114587,Abelkreevald,1,2018-05-10T10:01:18Z
4,114457,Ahv1234,1,2018-05-06T20:03:18Z
5,114259,Akoo97,67,2018-05-01T19:04:48Z
6,114344,Altamme,7,2018-05-04T07:26:36Z
7,114485,AndreaAinjarv,16,2018-05-07T14:27:44Z
8,114206,AnnaGreteKonsap,13,2018-04-30T08:25:59Z
9,114098,Annelikundla,4,2018-04-26T19:20:18Z
10,114260,Annikotov,16,2018-05-01T20:29:17Z
11,114381,Anttisiima,1,2018-05-04T13:31:12Z
12,114358,Areshubel,2,2018-05-04T10:19:20Z
13,113938,Arnotuisk,8,2018-04-23T06:51:58Z
14,114212,Avely13,2,2018-04-30T11:05:35Z
15,114044,Berezovskaja,8,2018-04-25T11:38:48Z
16,114698,Carlvaher,1,2018-05-14T09:13:31Z
17,114346,Carrynas,6,2018-05-04T07:27:47Z
18,114312,Cetbrikar,15,2018-05-03T09:49:05Z
19,114970,Comm95,2,2018-05-22T14:40:19Z
20,114805,Csongori gyerek,2,2018-05-17T16:36:23Z
21,114255,DMF-Muster,1,2018-05-01T17:22:14Z
22,114454,Dairispv,19,2018-05-06T18:35:06Z
23,113999,Dann245,12,2018-04-24T13:38:34Z
24,114635,David Johnn Whilson,1,2018-05-11T21:09:46Z
25,114236,DbcdGadb,2,2018-05-01T06:43:04Z
26,114939,Denis Kisseljov,4,2018-05-21T17:35:13Z
27,114460,Doflamingoog,1,2018-05-06T20:57:34Z
28,114673,Doodlen,1,2018-05-13T11:54:44Z
29,114973,Doriskiilet,2,2018-05-22T16:59:36Z
30,114066,Draknog,12,2018-04-25T21:44:47Z
31,114767,EPPTM,27,2018-05-16T09:29:47Z
32,114657,Edgarkure,9,2018-05-12T19:24:52Z
33,114446,Eestlane54,5,2018-05-06T15:00:50Z
34,114175,Eevi Voit,2,2018-04-29T10:29:31Z
35,114373,Egepovvat,9,2018-05-04T13:26:25Z
36,114878,Eliisabet.m,2,2018-05-19T21:38:44Z
37,114512,Elinaliiva,15,2018-05-08T08:08:47Z
38,114434,Elisepelise,24,2018-05-06T09:09:38Z
39,114872,Elitarist,4,2018-05-19T18:08:36Z
40,114473,EngerLukas,1,2018-05-07T08:08:31Z
41,113971,Epppeetsalu,9,2018-04-23T18:15:48Z
42,114080,Ergovastrik,2,2018-04-26T11:29:42Z
43,114375,Estert,5,2018-05-04T13:27:40Z
44,114176,Estfromwest,1,2018-04-29T10:37:21Z
45,114559,EvaOts,11,2018-05-09T12:18:18Z
46,114113,Feelingfebruary,1,2018-04-27T11:04:44Z
47,113995,Filmiekspert,13,2018-04-24T10:33:17Z
48,114380,Fredy.lumi,6,2018-05-04T13:29:35Z
49,113949,GKTeeäär,11,2018-04-23T11:15:56Z
50,114481,Gerdaruuser,8,2018-05-07T12:32:22Z
51,114371,Gerlynt,7,2018-05-04T13:25:27Z
52,114584,Hairekeskus,7,2018-05-10T08:25:54Z
53,114935,HakkDaniel,1,2018-05-21T15:28:37Z
54,114166,Hallojallo,1,2018-04-28T23:21:47Z
55,114755,Hardcore12643,2,2018-05-15T19:12:38Z
56,114958,Heidi139,8,2018-05-22T09:30:27Z
57,113935,Helenarummo,6,2018-04-23T06:08:06Z
58,114545,Heleri koltsin,22,2018-05-09T07:11:01Z
59,114609,Heleriem,3,2018-05-10T17:43:24Z
60,114556,Heleryl,4,2018-05-09T11:15:14Z
61,114467,Heli Pult,16,2018-05-07T04:29:52Z
62,114095,Hendrand,1,2018-04-26T17:40:43Z
63,114360,Henrih97,2,2018-05-04T11:10:58Z
64,114643,Hlallik,6,2018-05-12T08:50:07Z
65,114290,Ibadibam,1,2018-05-02T17:24:33Z
66,114065,Ilmarum,3,2018-04-25T21:12:13Z
67,114177,Indrek Aunver,1,2018-04-29T10:38:22Z
68,114382,Irinaje,6,2018-05-04T13:34:56Z
69,114743,Ironore111,4,2018-05-15T11:58:44Z
70,114244,Ismail.mirzojev,13,2018-05-01T13:10:21Z
71,114472,Ivarsoone,1,2018-05-07T08:00:05Z
72,114813,Jaabuk,1,2018-05-17T19:48:53Z
73,114658,Jake27650+345,4,2018-05-12T19:29:25Z
74,114263,Jamarie123,2,2018-05-02T06:19:31Z
75,114969,Jane Tiidelepp,5,2018-05-22T14:24:38Z
76,114522,Janelivo,17,2018-05-08T14:42:36Z
77,114273,Joiverona,4,2018-05-02T10:06:58Z
78,113985,Juurakas,12,2018-04-24T05:40:26Z
79,114771,KOV25,2,2018-05-16T11:49:31Z
80,114826,KTikerpe,6,2018-05-18T10:03:35Z
81,114733,KaasikMari,4,2018-05-15T07:23:17Z
82,114223,Kakajunn113,1,2018-04-30T20:59:59Z
83,114029,KakashiTheInmortal,2,2018-04-25T01:08:41Z
84,114936,Kaljulaidmargit,4,2018-05-21T16:01:47Z
85,114067,Karinallik,4,2018-04-25T22:28:45Z
86,114316,Karlmiikaelmirka,10,2018-05-03T10:48:54Z
87,114458,KarolinKaup,6,2018-05-06T20:10:04Z
88,114941,Kassikakk,2,2018-05-21T18:47:54Z
89,114480,Kati Grauberg-Longhurst,6,2018-05-07T12:07:25Z
90,114343,Katta87,5,2018-05-04T07:26:06Z
91,114202,Kauri urb,4,2018-04-30T06:14:03Z
92,114795,Keiliust1,1,2018-05-17T11:03:42Z
93,114863,Kellis1ut,1,2018-05-19T12:52:19Z
94,114889,KenJarvekald,1,2018-05-20T07:57:16Z
95,114091,KerstinVestel,6,2018-04-26T16:02:58Z
96,114252,Kessu23,3,2018-05-01T16:38:01Z
97,114431,Khollo,9,2018-05-06T07:36:59Z
98,114831,Kikusernameslist,1,2018-05-18T14:43:08Z
99,113976,Kkarikakar,2,2018-04-23T20:42:26Z
100,113952,Kkatrev,6,2018-04-23T11:25:58Z
101,114071,Kkkultuur,80,2018-04-26T07:35:02Z
102,114964,Kolpnolf,14,2018-05-22T12:15:50Z
103,114139,Kovshv,2,2018-04-28T08:13:36Z
104,114276,KrisAdson,1,2018-05-02T11:59:00Z
105,114078,Kristi493,4,2018-04-26T10:34:17Z
106,114379,Kristjan87,14,2018-05-04T13:28:08Z
107,114387,Kristo555,3,2018-05-04T16:24:45Z
108,114047,Krkristiine,1,2018-04-25T12:11:08Z
109,114180,Kullitar1,1,2018-04-29T13:53:13Z
110,114055,Kummitused,5,2018-04-25T14:50:09Z
111,114268,Kuut6rvaja,9,2018-05-02T08:15:00Z
112,114378,Kyllis,6,2018-05-04T13:28:00Z
113,114436,Laastauk,4,2018-05-06T11:09:57Z
114,113960,Labakinnas,5,2018-04-23T13:56:36Z
115,114823,Lalluskellus,1,2018-05-18T09:36:33Z
116,114419,Lekonsand,6,2018-05-05T19:03:10Z
117,114728,Lembitu1233,3,2018-05-15T04:11:33Z
118,114077,Liiisbethhh,7,2018-04-26T09:55:42Z
119,114839,Liinaeamets,1,2018-05-18T19:39:07Z
120,114345,Liinap123,5,2018-05-04T07:27:07Z
121,113923,Liinepls,3,2018-04-22T20:36:06Z
122,113939,Liisakübar,3,2018-04-23T07:14:18Z
123,114531,LiisiRau,11,2018-05-08T21:42:26Z
124,113983,LiliCharlie,1,2018-04-24T03:00:51Z
125,114126,LilianaŠašlova,2,2018-04-27T16:10:05Z
126,114517,Lillukas,6,2018-05-08T12:51:26Z
127,114284,Lisanna Annus,6,2018-05-02T16:06:24Z
128,114019,Lophophora diffusa,5,2018-04-24T18:49:26Z
129,114356,MKT777,18,2018-05-04T09:30:14Z
130,114447,MagnusKj,2,2018-05-06T15:01:06Z
131,114370,Mannituka,6,2018-05-04T13:25:17Z
132,114369,Marek Ollino,5,2018-05-04T13:25:15Z
133,114354,Margitots,11,2018-05-04T09:13:43Z
134,114069,Margus.oja,2,2018-04-26T05:19:38Z
135,114324,MariPaimre,3,2018-05-03T14:32:18Z
136,114374,Mariannlaane,6,2018-05-04T13:26:50Z
137,114289,Maritev,9,2018-05-02T17:24:31Z
138,114362,Markkusp,2,2018-05-04T11:19:34Z
139,114956,Markoerlach,1,2018-05-22T08:56:22Z
140,114516,MarkusPuidak,10,2018-05-08T12:44:27Z
141,114856,Martinmaip,2,2018-05-19T08:36:50Z
142,114089,Mati Uneliiv,3,2018-04-26T14:29:00Z
143,114328,MatuP0155,1,2018-05-03T17:19:47Z
144,114210,Mechhabra,20,2018-04-30T10:31:36Z
145,114058,Meelespea,2,2018-04-25T15:20:46Z
146,114368,Meelikat,14,2018-05-04T13:22:48Z
147,114174,Meeme Nugin,1,2018-04-29T10:29:20Z
148,113926,Mel247,1,2018-04-22T21:12:16Z
149,114240,Mentalintheface,9,2018-05-01T09:29:57Z
150,114555,Metropolis123456789,1,2018-05-09T10:54:32Z
151,114351,MidagiMidagi,3,2018-05-04T07:49:28Z
152,114593,Mikk Plaado,8,2018-05-10T12:56:46Z
153,114012,Milkatherine,1,2018-04-24T16:43:12Z
154,114359,Mjanisk,2,2018-05-04T11:10:24Z
155,113937,Mm.J.D.Do,1,2018-04-23T06:34:29Z
156,114256,Moppemolle,1,2018-05-01T17:45:52Z
157,114367,MunaVutt,6,2018-05-04T13:16:31Z
158,114329,Mushroomgrete,2,2018-05-03T19:30:55Z
159,114841,Nora Liis,11,2018-05-18T19:43:32Z
160,114119,OSKAR999999999,3,2018-04-27T13:12:18Z
161,114952,PEEDIMEES,2,2018-05-22T05:59:32Z
162,114644,Peeter Volkonski,10,2018-05-12T09:41:07Z
163,114501,Piibeleht93,4,2018-05-07T21:03:14Z
164,114521,Pilleriint,6,2018-05-08T14:29:38Z
165,114571,Piretmai,1,2018-05-09T19:38:08Z
166,113941,Prosawood,4,2018-04-23T07:31:03Z
167,114094,Qllerqpp,6,2018-04-26T16:57:04Z
168,114274,Raamatumees,2,2018-05-02T11:17:43Z
169,114573,Radiaator,1,2018-05-09T19:59:11Z
170,114383,Raikliilia,36,2018-05-04T13:39:59Z
171,114809,Rauno.loit,6,2018-05-17T16:58:15Z
172,113947,Reinek4,12,2018-04-23T10:37:20Z
173,113987,RichardLinnas1,3,2018-04-24T07:32:51Z
174,114372,Rivimets,5,2018-05-04T13:25:50Z
175,114650,RoteKurve,1,2018-05-12T13:02:11Z
176,114784,S Group Coop,1,2018-05-16T22:43:07Z
177,114840,Saara Lepp,3,2018-05-18T19:40:33Z
178,114742,Sachaalamire,2,2018-05-15T11:49:19Z
179,114364,Salahmo,2,2018-05-04T11:38:53Z
180,114955,Santsno,3,2018-05-22T08:24:10Z
181,114930,SigridLe,1,2018-05-21T13:51:47Z
182,113986,Siim.aasmae,6,2018-04-24T07:29:14Z
183,114315,Silks-kilks,4,2018-05-03T10:33:24Z
184,114905,Silverkivi,1,2018-05-20T17:22:27Z
185,114570,Silviasoots,8,2018-05-09T19:31:26Z
186,114572,Skarabeuz,5,2018-05-09T19:50:39Z
187,114411,Skotter123,1,2018-05-05T14:39:06Z
188,114305,Soleiman9,1,2018-05-03T02:39:44Z
189,114627,Studioosus,8,2018-05-11T13:18:21Z
190,114546,Suvesuve,6,2018-05-09T08:19:20Z
191,114925,SvenHolm,5,2018-05-21T11:32:56Z
192,114926,T2piline,3,2018-05-21T12:11:49Z
193,114746,Tairi Tali,7,2018-05-15T13:28:48Z
194,114361,Tammriin,6,2018-05-04T11:12:32Z
195,114377,Tanelvelga,11,2018-05-04T13:27:53Z
196,114164,Tardigradius,1,2018-04-28T19:59:23Z
197,114769,Teaduste Akadeemia,3,2018-05-16T10:36:44Z
198,114836,Teele Kivirähk,6,2018-05-18T19:19:54Z
199,114773,Teeleht,2,2018-05-16T13:44:18Z
200,114267,Teinenaaber,28,2018-05-02T08:12:10Z
201,114208,Tenno.1996,2,2018-04-30T09:01:09Z
202,114543,Tigram65,3,2018-05-09T06:31:53Z
203,114173,Tiiagren,1,2018-04-29T10:23:01Z
204,114350,Tiinatal,5,2018-05-04T07:34:49Z
205,114777,Tmadiste,1,2018-05-16T17:48:07Z
206,113950,ToCaKa,7,2018-04-23T11:19:13Z
207,114258,Treand,4,2018-05-01T18:32:52Z
208,114376,TriinPikhoff,8,2018-05-04T13:27:45Z
209,114618,TriinTiitsmaa,5,2018-05-11T05:56:31Z
210,113948,Triinu Ojamaa,15,2018-04-23T11:08:44Z
211,114271,Triinuu,2,2018-05-02T09:12:50Z
212,114737,UDUNE LEHM,1,2018-05-15T10:04:40Z
213,114807,UnderWorldSpecs,1,2018-05-17T16:52:27Z
214,114074,Usaarma,3,2018-04-26T08:32:36Z
215,114774,Uusnimi,6,2018-05-16T13:51:32Z
216,114237,Valgekihv,3,2018-05-01T06:53:17Z
217,114366,VikiMT2018,4,2018-05-04T12:45:38Z
218,114452,WConsole,3,2018-05-06T16:23:40Z
219,114739,Xddxguy,1,2018-05-15T10:33:21Z
220,114566,Õnnetutudeng,2,2018-05-09T18:08:02Z
221,114330,福田直樹,1,2018-05-03T20:29:04Z
