,user id,name,registration,edit count,revision id,revision time,goodfaith,damaging
0,982360,b'Elfc3lk',b'20171101060218',1,19280855,2017-11-01 06:59:15,0.653909246561995,0.4372873847171782
1,982437,b'Rizakayaalp',b'20171101203926',4,19285197,2017-11-01 20:42:03,0.14994412783851105,0.8786110437364004
2,982437,b'Rizakayaalp',b'20171101203926',4,19288706,2017-11-02 19:20:55,0.34847203469774535,0.7358870994730253
3,982437,b'Rizakayaalp',b'20171101203926',4,19304046,2017-11-07 09:55:36,0.5632381311259924,0.5739654802744648
4,982458,b'\xe1\x83\x9a\xe1\x83\x90\xe1\x83\x96\xe1\x83\xa3\xe1\x83\xa0\xe1\x83\x98.\xe1\x83\x9c\xe1\x83\x94\xe1\x83\x9c\xe1\x83\x90.0830',b'20171102030345',4,19490601,2018-01-26 20:16:30,0.956641627770496,0.051352658764407796
5,982458,b'\xe1\x83\x9a\xe1\x83\x90\xe1\x83\x96\xe1\x83\xa3\xe1\x83\xa0\xe1\x83\x98.\xe1\x83\x9c\xe1\x83\x94\xe1\x83\x9c\xe1\x83\x90.0830',b'20171102030345',4,19490624,2018-01-26 20:22:43,0.8960443685407242,0.1609555781911001
6,982458,b'\xe1\x83\x9a\xe1\x83\x90\xe1\x83\x96\xe1\x83\xa3\xe1\x83\xa0\xe1\x83\x98.\xe1\x83\x9c\xe1\x83\x94\xe1\x83\x9c\xe1\x83\x90.0830',b'20171102030345',4,19491279,2018-01-27 00:24:07,0.8885160408365248,0.14162418421336362
7,982532,b'Eda nur kay',b'20171102233400',2,19289788,2017-11-02 23:43:56,0.2759990016738238,0.7764575956846117
8,982532,b'Eda nur kay',b'20171102233400',2,19469443,2018-01-18 14:59:04,0.6483893474889323,0.383750298620622
9,982536,b'Akcill0',b'20171103035940',1,19289836,2017-11-03 04:04:50,0.4509682211269004,0.6771125439410376
10,982563,b'A. Haluk \xc3\x9cnal',b'20171103122211',1,19290179,2017-11-03 12:27:29,0.7556196413653155,0.4973215269693495
11,982624,b'Sevda k\xc3\xbcrk',b'20171104033359',57,19305944,2017-11-08 00:08:44,0.6653640142354761,0.5026065315917947
12,982624,b'Sevda k\xc3\xbcrk',b'20171104033359',57,19305945,2017-11-08 00:09:06,0.5695169939728408,0.6196632908012011
13,982624,b'Sevda k\xc3\xbcrk',b'20171104033359',57,19322039,2017-11-13 20:28:33,0.47974845335667454,0.47373267635050503
14,982624,b'Sevda k\xc3\xbcrk',b'20171104033359',57,19322049,2017-11-13 20:29:32,0.65353936646685,0.48008607016356664
15,982624,b'Sevda k\xc3\xbcrk',b'20171104033359',57,19322051,2017-11-13 20:30:26,0.6568941105179162,0.4678821982876232
16,982624,b'Sevda k\xc3\xbcrk',b'20171104033359',57,19322058,2017-11-13 20:31:41,na,na
17,982624,b'Sevda k\xc3\xbcrk',b'20171104033359',57,19322060,2017-11-13 20:35:05,na,na
18,982624,b'Sevda k\xc3\xbcrk',b'20171104033359',57,19322067,2017-11-13 20:36:29,na,na
19,982624,b'Sevda k\xc3\xbcrk',b'20171104033359',57,19322071,2017-11-13 20:37:59,na,na
20,982624,b'Sevda k\xc3\xbcrk',b'20171104033359',57,19322082,2017-11-13 20:40:25,na,na
21,982630,b'Enisori',b'20171104070132',1,19368840,2017-12-04 19:37:51,0.6233553975884377,0.43485533842405893
22,982653,b'Dj dikkay',b'20171104120900',6,19293265,2017-11-04 14:30:23,0.7211408216757086,0.35935076459219084
23,982653,b'Dj dikkay',b'20171104120900',6,19293315,2017-11-04 14:38:34,0.5701314136637438,0.6533857690524171
24,982664,b'Aakdemir',b'20171104142105',1,19293318,2017-11-04 14:38:45,0.5658516111577323,0.6135836054708237
25,982671,b'H\xc3\xbcsn\xc3\xbc I\xc5\x9f\xc4\xb1k',b'20171104155226',2,19293887,2017-11-04 16:40:59,0.3038832176573342,0.7653741830497895
26,982671,b'H\xc3\xbcsn\xc3\xbc I\xc5\x9f\xc4\xb1k',b'20171104155226',2,19299793,2017-11-05 17:24:56,0.32966548209037094,0.7622605829201337
27,982679,b'Seyretcizgifilmlerblogspotcom',b'20171104170124',2,19293977,2017-11-04 17:04:57,0.6325720049964746,0.42278121910795924
28,982679,b'Seyretcizgifilmlerblogspotcom',b'20171104170124',2,19293985,2017-11-04 17:06:40,0.437580264610552,0.508142198172826
29,982680,b'AcidiX',b'20171104172125',1,19294026,2017-11-04 17:24:00,0.8253635903060407,0.2948890475192007
30,982683,b'Rozkwetsayko',b'20171104173653',4,19298041,2017-11-05 09:44:53,0.8151285294252684,0.23261785674238197
31,982683,b'Rozkwetsayko',b'20171104173653',4,19298042,2017-11-05 09:51:11,0.6861126423579771,0.5567765810089415
32,982683,b'Rozkwetsayko',b'20171104173653',4,19298044,2017-11-05 09:55:00,0.5848473673278451,0.6151966439615415
33,982683,b'Rozkwetsayko',b'20171104173653',4,19298047,2017-11-05 09:56:48,0.6310964234673099,0.5889561178093337
34,982698,b'RecepKendirci',b'20171104202226',3,19296113,2017-11-04 20:37:55,0.914668711183244,0.3822139803921774
35,982740,b'Mahfuz(checho)',b'20171105112950',1,19298358,2017-11-05 11:40:58,0.3363750835741677,0.739748252428577
36,982744,b'Ahmad M Alshawaf',b'20171105130249',1,19302148,2017-11-06 12:15:10,0.9251466745749435,0.0656733848240966
37,982774,b'Muzafer999',b'20171105194736',1,19300296,2017-11-05 19:48:54,0.20331224182851546,0.8316364117129829
38,982775,b'Armin123421',b'20171105195456',1,19300370,2017-11-05 19:55:47,0.4321057282957151,0.6141953301182997
39,982789,b'Cnntn krllg\xc4\xb1',b'20171105215149',3,19301743,2017-11-05 22:02:43,0.5274671419818261,0.5551944756104019
40,982793,b'Lespaul3675',b'20171105225017',10,19301920,2017-11-05 22:59:31,0.6322233533764575,0.5137606418209928
41,982793,b'Lespaul3675',b'20171105225017',10,19301921,2017-11-05 22:59:44,0.49829275160807984,0.576838991950171
42,982793,b'Lespaul3675',b'20171105225017',10,19301922,2017-11-05 23:01:38,0.9859405515250285,0.017305837277789952
43,982793,b'Lespaul3675',b'20171105225017',10,19301925,2017-11-05 23:08:13,0.9554525698361179,0.06442984379026516
44,982793,b'Lespaul3675',b'20171105225017',10,19301930,2017-11-05 23:17:28,0.9244006743233931,0.11980089536793527
45,982793,b'Lespaul3675',b'20171105225017',10,19301934,2017-11-05 23:23:16,na,na
46,982793,b'Lespaul3675',b'20171105225017',10,19301937,2017-11-05 23:25:47,na,na
47,982793,b'Lespaul3675',b'20171105225017',10,19301938,2017-11-05 23:26:46,na,na
48,982793,b'Lespaul3675',b'20171105225017',10,19301939,2017-11-05 23:29:24,na,na
49,982793,b'Lespaul3675',b'20171105225017',10,19301942,2017-11-05 23:30:44,na,na
50,982829,b'Jorquetinner',b'20171106111129',1,19302116,2017-11-06 11:13:08,0.6946071204915161,0.43500984440837476
51,982835,b'\xc4\xb0rfn.\xc5\x9fnr',b'20171106114821',1,19302137,2017-11-06 12:05:55,0.8775939974951842,0.39168766530268095
52,982873,b'Muratbar',b'20171106190110',1,19302754,2017-11-06 19:11:09,0.45358346632482266,0.7693658566035221
53,982877,b'Ozyurts',b'20171106192521',1,19302817,2017-11-06 19:28:50,0.2187825655501307,0.7832812141340226
54,982891,b'Kelly',b'20171106212609',2,19303162,2017-11-06 21:26:10,0.6736010305710319,0.47899768388548997
55,982891,b'Kelly',b'20171106212609',2,19489000,2018-01-26 00:25:23,0.727551821056844,0.37723511634377965
56,982892,b'Efsane Karpuzcu',b'20171106212930',17,19303196,2017-11-06 21:32:51,0.6685379174363367,0.41895974783855255
57,982892,b'Efsane Karpuzcu',b'20171106212930',17,19303218,2017-11-06 21:35:33,0.5204988674532218,0.5375537422172251
58,982892,b'Efsane Karpuzcu',b'20171106212930',17,19303253,2017-11-06 21:43:47,0.9896703799533395,0.012119643952856396
59,982892,b'Efsane Karpuzcu',b'20171106212930',17,19303259,2017-11-06 21:44:36,0.2994046012219556,0.7744553826104226
60,982892,b'Efsane Karpuzcu',b'20171106212930',17,19303265,2017-11-06 21:48:10,0.31100559285883844,0.7539235386947049
61,982892,b'Efsane Karpuzcu',b'20171106212930',17,19303268,2017-11-06 21:49:47,na,na
62,982892,b'Efsane Karpuzcu',b'20171106212930',17,19303313,2017-11-06 22:00:06,na,na
63,982892,b'Efsane Karpuzcu',b'20171106212930',17,19303318,2017-11-06 22:00:37,na,na
64,982892,b'Efsane Karpuzcu',b'20171106212930',17,19303334,2017-11-06 22:02:55,na,na
65,982892,b'Efsane Karpuzcu',b'20171106212930',17,19303395,2017-11-06 22:17:50,na,na
66,982892,b'Efsane Karpuzcu',b'20171106212930',17,19303399,2017-11-06 22:19:37,na,na
67,982892,b'Efsane Karpuzcu',b'20171106212930',17,19303400,2017-11-06 22:20:01,na,na
68,982892,b'Efsane Karpuzcu',b'20171106212930',17,19303401,2017-11-06 22:20:21,na,na
69,982892,b'Efsane Karpuzcu',b'20171106212930',17,19303402,2017-11-06 22:22:38,na,na
70,982892,b'Efsane Karpuzcu',b'20171106212930',17,19303404,2017-11-06 22:23:09,na,na
71,982892,b'Efsane Karpuzcu',b'20171106212930',17,19303405,2017-11-06 22:23:34,na,na
72,982912,b'Mehmetdemircs',b'20171107034738',3,19306286,2017-11-08 11:08:35,0.39287331026585814,0.6786570197684731
73,982912,b'Mehmetdemircs',b'20171107034738',3,19414492,2017-12-26 07:59:05,0.7294638170212938,0.370317907260876
74,982912,b'Mehmetdemircs',b'20171107034738',3,19414493,2017-12-26 08:04:38,0.33235815730883084,0.749346371573705
75,982922,b'Ademelmas',b'20171107064921',1,19303966,2017-11-07 08:22:29,0.594513789475083,0.5879322933979606
76,982924,b'Gokhanaktas37',b'20171107070025',2,19303895,2017-11-07 07:04:30,0.614607536447851,0.4851311181867487
77,982924,b'Gokhanaktas37',b'20171107070025',2,19303907,2017-11-07 07:16:35,0.7748433607818375,0.3216172690903374
78,982941,b'Eshkiza',b'20171107112355',1,19327637,2017-11-16 12:33:42,0.517360820869771,0.518557017178473
79,982953,b'Bahar.ilyasova051',b'20171107134608',11,19304169,2017-11-07 13:51:35,0.6029857750666949,0.4966831122061884
80,982953,b'Bahar.ilyasova051',b'20171107134608',11,19317116,2017-11-10 16:14:21,0.5483713760936624,0.5706969242161306
81,982953,b'Bahar.ilyasova051',b'20171107134608',11,19317118,2017-11-10 16:15:28,0.8015216898947356,0.2883330634235039
82,982953,b'Bahar.ilyasova051',b'20171107134608',11,19317121,2017-11-10 16:20:16,0.5103754760747842,0.6641398636612685
83,982953,b'Bahar.ilyasova051',b'20171107134608',11,19317123,2017-11-10 16:22:11,0.5951764800565047,0.5905385855005515
84,982953,b'Bahar.ilyasova051',b'20171107134608',11,19569421,2018-03-03 10:06:50,na,na
85,982953,b'Bahar.ilyasova051',b'20171107134608',11,19569534,2018-03-03 11:24:09,na,na
86,982953,b'Bahar.ilyasova051',b'20171107134608',11,19639628,2018-03-31 16:30:13,na,na
87,982953,b'Bahar.ilyasova051',b'20171107134608',11,19721190,2018-05-23 16:39:33,na,na
88,982953,b'Bahar.ilyasova051',b'20171107134608',11,19721193,2018-05-23 16:40:53,na,na
89,982953,b'Bahar.ilyasova051',b'20171107134608',11,19721197,2018-05-23 16:42:57,na,na
90,982955,b'Ucal Turkmen',b'20171107141145',1,19315600,2017-11-09 19:37:13,0.4120001499569283,0.6595625093496603
91,982972,b'N.sefa',b'20171107173003',5,19304595,2017-11-07 17:37:21,0.3868111536503752,0.78365087330862
92,982972,b'N.sefa',b'20171107173003',5,19304599,2017-11-07 17:41:22,0.38031641173457753,0.7756202554540886
93,982972,b'N.sefa',b'20171107173003',5,19380204,2017-12-09 17:16:15,0.4792245807431378,0.4030025632845339
94,982972,b'N.sefa',b'20171107173003',5,19713507,2018-05-18 20:31:49,0.8057910971478962,0.23510398948894815
95,982972,b'N.sefa',b'20171107173003',5,19713512,2018-05-18 20:32:57,0.8523301478860084,0.17737964567360945
96,982976,b'Antepl\xc4\xb1',b'20171107191001',4,19347154,2017-11-24 11:42:24,0.6545142308363974,0.6048580971807166
97,982976,b'Antepl\xc4\xb1',b'20171107191001',4,19414736,2017-12-26 11:35:14,0.8176488325613284,0.25845183067303795
98,982986,b'Tarsusagasi03',b'20171107204638',5,19305279,2017-11-07 21:02:07,0.9724081776014109,0.04915467223087772
99,982986,b'Tarsusagasi03',b'20171107204638',5,19305405,2017-11-07 21:20:36,0.9233343635009446,0.11169144106489204
100,982986,b'Tarsusagasi03',b'20171107204638',5,19305998,2017-11-08 03:40:53,0.8141796539765962,0.2623388966980138
101,982986,b'Tarsusagasi03',b'20171107204638',5,19305999,2017-11-08 03:46:15,0.5203201483525919,0.6183497990052181
102,982986,b'Tarsusagasi03',b'20171107204638',5,19316221,2017-11-10 00:07:53,0.6631446955570234,0.46651727585522984
103,983017,b'Plazapanda',b'20171108084537',1,19306128,2017-11-08 08:54:08,0.535226091706133,0.6543125407629857
104,983027,b'Coecongress',b'20171108110440',1,19306275,2017-11-08 11:05:36,0.4182027018741186,0.6947982081549127
105,983083,b'Mr.Shiqqelewelle',b'20171108193548',1,19313690,2017-11-08 19:37:44,0.7200101716446733,0.4531981193814218
106,983087,b'NiMa HmZ',b'20171108203733',2,19711632,2018-05-17 08:37:57,0.8780527205852963,0.10132314690704729
107,983087,b'NiMa HmZ',b'20171108203733',2,19711633,2018-05-17 08:39:42,0.8961022330460511,0.09063137773441747
108,983092,b'Valencian',b'20171108211927',1,19313988,2017-11-08 21:23:14,0.72401442094411,0.4457534567077265
109,983099,b'Mert55x',b'20171108225934',2,19314553,2017-11-08 23:08:50,0.37323032153026164,0.7266354106077071
110,983103,b'Marcotulus \xe1\xbd\x81 \xce\xa3\xce\xb5\xce\xb2\xce\xb1\xcf\x83\xcf\x84\xcf\x8c\xcf\x82',b'20171108235247',1,19477519,2018-01-21 17:56:56,0.3363926695219262,0.6513928728559552
111,983173,"b'Arthur, o grande'",b'20171109184513',3,19315495,2017-11-09 18:50:30,0.15402980055179272,0.8845272869397515
112,983173,"b'Arthur, o grande'",b'20171109184513',3,19315522,2017-11-09 19:01:38,0.4339709146046268,0.6621525567839719
113,983173,"b'Arthur, o grande'",b'20171109184513',3,19315553,2017-11-09 19:14:47,0.8632528728835211,0.2408042741078928
114,983184,b'NTVCA Afrique',b'20171109200206',4,19315666,2017-11-09 20:03:10,0.3956587719983074,0.6963354802545852
115,983184,b'NTVCA Afrique',b'20171109200206',4,19315668,2017-11-09 20:06:10,0.16330919173128758,0.8417939677044113
116,983184,b'NTVCA Afrique',b'20171109200206',4,19315673,2017-11-09 20:09:22,0.18501130812140304,0.8652144816217822
117,983185,b'Hkn42',b'20171109200741',1,19315670,2017-11-09 20:08:04,0.478590207173679,0.7357876072772314
118,983189,b'Seda gedik',b'20171109202210',2,19390146,2017-12-13 22:46:09,0.325898895056074,0.7130133106739169
119,983189,b'Seda gedik',b'20171109202210',2,19390154,2017-12-13 23:27:44,0.3444528168877866,0.6837404171736621
120,983194,b'Oliver ogbonnaya uche sunday',b'20171109213114',1,19315862,2017-11-09 21:37:27,0.6352656730161682,0.5495892374132663
121,983237,b'Eminchan',b'20171110120249',3,19316801,2017-11-10 12:04:00,0.42980678761942,0.669070348881381
122,983237,b'Eminchan',b'20171110120249',3,19329882,2017-11-18 07:21:46,0.5593844085801347,0.4185410809508528
123,983237,b'Eminchan',b'20171110120249',3,19346038,2017-11-23 13:51:03,0.5475084521659537,0.48856655892462414
124,983244,b'Gulsahcelikcan',b'20171110135955',1,19316986,2017-11-10 14:06:55,0.5146436300106446,0.6356394635618311
125,983267,b'Kivancsenvardar',b'20171110174051',1,19317184,2017-11-10 17:48:55,0.5509497407561431,0.3966546377015478
126,983269,b'\xd3\x98\xd0\xb4\xd1\x96\xd0\xbb\xd0\xb1\xd0\xb5\xd0\xba \xd2\x9a\xd0\xb0\xd0\xb7\xd1\x8b\xd1\x85\xd0\xb0\xd0\xbd\xd0\xbe\xd0\xb2',b'20171110180112',5,19325679,2017-11-15 13:34:03,0.5565260778534614,0.5666477032201261
127,983269,b'\xd3\x98\xd0\xb4\xd1\x96\xd0\xbb\xd0\xb1\xd0\xb5\xd0\xba \xd2\x9a\xd0\xb0\xd0\xb7\xd1\x8b\xd1\x85\xd0\xb0\xd0\xbd\xd0\xbe\xd0\xb2',b'20171110180112',5,19325880,2017-11-15 14:25:22,0.5775947280830966,0.4844505986233277
128,983269,b'\xd3\x98\xd0\xb4\xd1\x96\xd0\xbb\xd0\xb1\xd0\xb5\xd0\xba \xd2\x9a\xd0\xb0\xd0\xb7\xd1\x8b\xd1\x85\xd0\xb0\xd0\xbd\xd0\xbe\xd0\xb2',b'20171110180112',5,19325883,2017-11-15 14:27:15,0.5521330548922976,0.5666477032201261
129,983269,b'\xd3\x98\xd0\xb4\xd1\x96\xd0\xbb\xd0\xb1\xd0\xb5\xd0\xba \xd2\x9a\xd0\xb0\xd0\xb7\xd1\x8b\xd1\x85\xd0\xb0\xd0\xbd\xd0\xbe\xd0\xb2',b'20171110180112',5,19325885,2017-11-15 14:31:06,0.5727503416868202,0.48609251326992015
130,983269,b'\xd3\x98\xd0\xb4\xd1\x96\xd0\xbb\xd0\xb1\xd0\xb5\xd0\xba \xd2\x9a\xd0\xb0\xd0\xb7\xd1\x8b\xd1\x85\xd0\xb0\xd0\xbd\xd0\xbe\xd0\xb2',b'20171110180112',5,19325978,2017-11-15 16:55:04,0.5007084996031043,0.6811201380330382
131,983272,b'Miralim',b'20171110184136',1,19452264,2018-01-13 19:17:41,0.4086834870028514,0.6931048090330864
132,983293,b'Sakaryal\xc4\xb1\xc4\xb1',b'20171110235521',2,19317913,2017-11-11 00:03:35,0.6595797648082099,0.40880354130691204
133,983293,b'Sakaryal\xc4\xb1\xc4\xb1',b'20171110235521',2,19341158,2017-11-19 22:17:27,0.755883693027094,0.31432684326149224
134,983309,b'Ccozsalih',b'20171111083807',2,19318088,2017-11-11 08:45:32,0.6564543732370225,0.45292973578828866
135,983309,b'Ccozsalih',b'20171111083807',2,19318100,2017-11-11 08:52:07,0.29929232625824864,0.722815849872911
136,983310,b'Korkmazarda',b'20171111090434',1,19318164,2017-11-11 09:32:15,0.7341839043671399,0.5357100534629683
137,983319,b'Gorkem Alp',b'20171111122545',1,19318406,2017-11-11 12:34:09,0.41328264551182997,0.6133505008086386
138,983324,b'Dcikse',b'20171111125919',1,19318463,2017-11-11 13:17:58,0.4213527601096645,0.6596641454719318
139,983334,b'\xd0\x94\xd0\xb6\xd0\xb5\xd0\xb9\xd0\xba\xd0\xbe\xd0\xb1 \xd0\x90\xd0\xbb\xd0\xb8 \xd0\x9c\xd0\xb5\xd0\xbb\xd0\xbb\xd0\xb8\xd1\x81',b'20171111144354',1,19318573,2017-11-11 14:48:17,0.8138419563522281,0.21892705116708902
140,983338,b'Alisher Novarro 82',b'20171111152832',1,19318700,2017-11-11 16:49:26,0.6023960901926949,0.5100951685305007
141,983367,b'Ysgp',b'20171111212041',1,19585513,2018-03-09 21:34:46,0.30751664042339183,0.8116676413691576
142,983380,b'Pandareyz',b'20171111231513',8,19319621,2017-11-11 23:24:52,0.5951178764198914,0.5573267565721782
143,983380,b'Pandareyz',b'20171111231513',8,19319642,2017-11-11 23:31:35,0.6571097575503981,0.4607640104778046
144,983380,b'Pandareyz',b'20171111231513',8,19319647,2017-11-11 23:34:19,0.7214265329769599,0.28515345444640533
145,983380,b'Pandareyz',b'20171111231513',8,19319662,2017-11-11 23:49:34,0.6594633662086071,0.426056080463629
146,983380,b'Pandareyz',b'20171111231513',8,19319666,2017-11-11 23:54:17,0.6690998361119195,0.46536929521807247
147,983380,b'Pandareyz',b'20171111231513',8,19319668,2017-11-11 23:56:34,na,na
148,983380,b'Pandareyz',b'20171111231513',8,19319671,2017-11-11 23:58:14,na,na
149,983380,b'Pandareyz',b'20171111231513',8,19319672,2017-11-11 23:58:41,na,na
150,983403,b'G\xc3\xb6kselFanClup',b'20171112073619',1,19319890,2017-11-12 07:39:03,0.2778203079136189,0.7805926737569803
151,983409,b'Erce 87',b'20171112090157',2,19319929,2017-11-12 09:03:13,0.2127795150412521,0.8669163877920583
152,983409,b'Erce 87',b'20171112090157',2,19319930,2017-11-12 09:04:09,0.3189723793439595,0.7342526976764059
153,983422,b'Pervinomad',b'20171112105726',2,19320000,2017-11-12 10:59:56,0.2038558794967355,0.8100782322905645
154,983422,b'Pervinomad',b'20171112105726',2,19320002,2017-11-12 11:01:27,0.24610490590847922,0.738331719490864
155,983431,b'Gohkenytp312',b'20171112131512',2,19320087,2017-11-12 13:17:34,0.6631168064436144,0.3287540812259339
156,983431,b'Gohkenytp312',b'20171112131512',2,19320126,2017-11-12 13:31:19,0.7230225233451822,0.33695326188039126
157,983437,b'Elmar.m1',b'20171112141031',1,19320230,2017-11-12 14:16:42,0.17515051012061703,0.8726095368684229
158,983461,b'Mil5215Render',b'20171112183800',7,19404190,2017-12-20 17:28:42,0.3040748505499547,0.7430728473091497
159,983461,b'Mil5215Render',b'20171112183800',7,19404191,2017-12-20 17:29:32,0.9648777654037319,0.04436847943281225
160,983461,b'Mil5215Render',b'20171112183800',7,19404192,2017-12-20 17:30:19,0.446031343651532,0.6999081586081873
161,983461,b'Mil5215Render',b'20171112183800',7,19407414,2017-12-22 20:14:11,0.33836030093966296,0.7400586573939473
162,983469,b'\xc4\xb0sgezici',b'20171112200058',1,19320804,2017-11-12 20:43:21,0.13627500245454416,0.8920074608064995
163,983504,b'Bbalatli',b'20171113083338',8,19321415,2017-11-13 09:21:45,0.29541303911544486,0.8115689410994504
164,983504,b'Bbalatli',b'20171113083338',8,19324897,2017-11-14 21:16:38,0.34429306847993535,0.6988147447091264
165,983516,b'Eyvazli989',b'20171113121658',2,19321637,2017-11-13 12:19:05,0.28124986042013234,0.7701587371950661
166,983516,b'Eyvazli989',b'20171113121658',2,19321639,2017-11-13 12:21:38,0.2777242514208631,0.7499671294371197
167,983545,b'Murathannn',b'20171113183205',1,19321909,2017-11-13 18:33:31,0.6583959893234721,0.43596193463536487
168,983546,b'Kalayci11',b'20171113183313',1,19321910,2017-11-13 18:36:03,0.27123906259859043,0.7961603290812532
169,983555,b'Spring83',b'20171113205418',1,19322101,2017-11-13 20:59:54,0.6553986788365896,0.48092530630145974
170,983556,b'\xc4\xb0slak.mendil',b'20171113211543',1,19322145,2017-11-13 21:17:30,0.7413578319612315,0.5736876144999219
171,983575,b'Koichi Sato',b'20171114031006',1,19322669,2017-11-14 03:13:12,0.5911620372170378,0.5109661133798024
172,983586,b'\xc4\xb0PEKDEGIRMEN',b'20171114094537',1,19323240,2017-11-14 09:55:47,0.13097946682273284,0.891179450970394
173,983593,b'Cansukurtcu',b'20171114113443',13,19341609,2017-11-20 14:06:55,0.5036878056578878,0.6745915124410318
174,983593,b'Cansukurtcu',b'20171114113443',13,19341613,2017-11-20 14:08:11,0.4685724934852025,0.7059208075158442
175,983596,b'Baranselata',b'20171114114713',1,19323663,2017-11-14 11:51:19,0.5970873337985768,0.5174911589764415
176,983598,b'Babylone2090',b'20171114121141',3,19323685,2017-11-14 12:12:00,0.33837533482555493,0.7327637212665435
177,983598,b'Babylone2090',b'20171114121141',3,19343712,2017-11-21 20:54:02,0.8076476971139536,0.2514702819582856
178,983598,b'Babylone2090',b'20171114121141',3,19343716,2017-11-21 20:54:36,0.6138646142297071,0.41214260594105556
179,983602,b'Denizzsel',b'20171114124143',2,19323705,2017-11-14 12:44:09,0.2674034358261114,0.73474990138167
180,983602,b'Denizzsel',b'20171114124143',2,19323707,2017-11-14 12:47:00,0.33493766357505916,0.7911438333881936
181,983607,b'Ozdemir.ibrahim',b'20171114132548',2,19323752,2017-11-14 13:43:05,0.5106527388252995,0.5412953577971997
182,983607,b'Ozdemir.ibrahim',b'20171114132548',2,19323756,2017-11-14 13:45:33,0.5559723237255615,0.49363401744553553
183,983609,b'Oyeahmann',b'20171114133606',1,19323767,2017-11-14 14:01:51,0.9159087766948831,0.12061621968773736
184,983610,b'Levent G\xc3\xbcldal\xc4\xb1',b'20171114140233',1,19323768,2017-11-14 14:03:27,0.4857544549365822,0.5356020756931417
185,983613,b'TheUkraynali',b'20171114144003',3,19583579,2018-03-08 17:31:39,0.6383390803946714,0.5675652876675918
186,983613,b'TheUkraynali',b'20171114144003',3,19583581,2018-03-08 17:33:49,0.6279922718370802,0.5494320053769304
187,983613,b'TheUkraynali',b'20171114144003',3,19583583,2018-03-08 17:36:26,0.4015189517875253,0.7050457003016009
188,983665,b'LeventTofas',b'20171114222535',8,19325128,2017-11-14 22:26:17,0.5164525248803442,0.5364410239461462
189,983665,b'LeventTofas',b'20171114222535',8,19325142,2017-11-14 22:42:34,0.986988179168926,0.01220270297224594
190,983665,b'LeventTofas',b'20171114222535',8,19325144,2017-11-14 22:48:35,0.5839946622456398,0.4479574280744771
191,983665,b'LeventTofas',b'20171114222535',8,19325145,2017-11-14 22:49:09,0.5839946622456398,0.4479574280744771
192,983665,b'LeventTofas',b'20171114222535',8,19325148,2017-11-14 22:51:40,0.5103603718247749,0.4563928337074965
193,983665,b'LeventTofas',b'20171114222535',8,19325173,2017-11-14 23:18:52,na,na
194,983665,b'LeventTofas',b'20171114222535',8,19325174,2017-11-14 23:21:49,na,na
195,983665,b'LeventTofas',b'20171114222535',8,19325177,2017-11-14 23:23:12,na,na
196,983667,b'Vellichor2017',b'20171114224142',2,19325151,2017-11-14 22:53:54,0.6764871968017084,0.6034111636740311
197,983667,b'Vellichor2017',b'20171114224142',2,19325159,2017-11-14 23:05:44,0.5707785446155249,0.6343105375393507
198,983668,b'Pandaraay',b'20171114225044',2,19325150,2017-11-14 22:53:19,0.2810925514206999,0.8041623940929333
199,983668,b'Pandaraay',b'20171114225044',2,19325157,2017-11-14 23:02:59,0.3688665395782585,0.7947507381295935
200,983690,b'JuliaEKingston',b'20171115082515',1,19326712,2017-11-16 02:19:03,0.4460455663442963,0.5859971239043757
201,983710,b'Dominikous...',b'20171115130809',38,19326763,2017-11-16 04:41:25,0.9899134327001923,0.010573802373624925
202,983710,b'Dominikous...',b'20171115130809',38,19326764,2017-11-16 04:52:09,0.9904869597169682,0.009362776237426401
203,983710,b'Dominikous...',b'20171115130809',38,19326765,2017-11-16 04:54:36,0.8440760814690488,0.37398642307667107
204,983710,b'Dominikous...',b'20171115130809',38,19326766,2017-11-16 04:57:39,0.9319318185267922,0.10148234832641556
205,983710,b'Dominikous...',b'20171115130809',38,19326767,2017-11-16 04:58:07,0.6227993829808081,0.49730613566809606
206,983710,b'Dominikous...',b'20171115130809',38,19326768,2017-11-16 04:58:28,na,na
207,983710,b'Dominikous...',b'20171115130809',38,19326775,2017-11-16 05:11:48,na,na
208,983710,b'Dominikous...',b'20171115130809',38,19326776,2017-11-16 05:12:18,na,na
209,983710,b'Dominikous...',b'20171115130809',38,19326778,2017-11-16 05:13:14,na,na
210,983710,b'Dominikous...',b'20171115130809',38,19326779,2017-11-16 05:16:49,na,na
211,983710,b'Dominikous...',b'20171115130809',38,19326780,2017-11-16 05:18:56,na,na
212,983710,b'Dominikous...',b'20171115130809',38,19326789,2017-11-16 05:36:30,na,na
213,983710,b'Dominikous...',b'20171115130809',38,19326790,2017-11-16 05:45:13,na,na
214,983710,b'Dominikous...',b'20171115130809',38,19326791,2017-11-16 05:46:02,na,na
215,983710,b'Dominikous...',b'20171115130809',38,19326792,2017-11-16 05:46:45,na,na
216,983710,b'Dominikous...',b'20171115130809',38,19326936,2017-11-16 07:17:59,na,na
217,983710,b'Dominikous...',b'20171115130809',38,19326942,2017-11-16 07:18:59,na,na
218,983710,b'Dominikous...',b'20171115130809',38,19326958,2017-11-16 07:31:04,na,na
219,983710,b'Dominikous...',b'20171115130809',38,19326959,2017-11-16 07:31:14,na,na
220,983710,b'Dominikous...',b'20171115130809',38,19326960,2017-11-16 07:31:32,na,na
221,983710,b'Dominikous...',b'20171115130809',38,19326961,2017-11-16 07:32:12,na,na
222,983710,b'Dominikous...',b'20171115130809',38,19326962,2017-11-16 07:32:55,na,na
223,983710,b'Dominikous...',b'20171115130809',38,19326965,2017-11-16 07:34:47,na,na
224,983710,b'Dominikous...',b'20171115130809',38,19327811,2017-11-16 15:36:05,na,na
225,983710,b'Dominikous...',b'20171115130809',38,19327812,2017-11-16 15:36:30,na,na
226,983710,b'Dominikous...',b'20171115130809',38,19327814,2017-11-16 15:39:51,na,na
227,983710,b'Dominikous...',b'20171115130809',38,19327815,2017-11-16 15:40:31,na,na
228,983710,b'Dominikous...',b'20171115130809',38,19327817,2017-11-16 15:41:41,na,na
229,983710,b'Dominikous...',b'20171115130809',38,19327818,2017-11-16 15:41:51,na,na
230,983710,b'Dominikous...',b'20171115130809',38,19327819,2017-11-16 15:42:56,na,na
231,983710,b'Dominikous...',b'20171115130809',38,19327822,2017-11-16 15:48:38,na,na
232,983710,b'Dominikous...',b'20171115130809',38,19327823,2017-11-16 15:51:14,na,na
233,983710,b'Dominikous...',b'20171115130809',38,19327824,2017-11-16 15:51:37,na,na
234,983710,b'Dominikous...',b'20171115130809',38,19327827,2017-11-16 15:53:31,na,na
235,983710,b'Dominikous...',b'20171115130809',38,19327941,2017-11-16 17:58:29,na,na
236,983710,b'Dominikous...',b'20171115130809',38,19327955,2017-11-16 18:14:41,na,na
237,983714,b'Cmuhammed',b'20171115132148',1,19327718,2017-11-16 13:41:55,0.9133050850859091,0.060017209523203795
238,983748,b'Pandaraayz',b'20171115194116',5,19326169,2017-11-15 19:50:07,0.5097503723888377,0.5622700380613926
239,983748,b'Pandaraayz',b'20171115194116',5,19326769,2017-11-16 04:58:34,0.7063376185701415,0.33308284155666407
240,983748,b'Pandaraayz',b'20171115194116',5,19326770,2017-11-16 04:59:05,0.5558685908988527,0.5227515223679147
241,983748,b'Pandaraayz',b'20171115194116',5,19326771,2017-11-16 04:59:55,0.635472388916054,0.4569283668804561
242,983748,b'Pandaraayz',b'20171115194116',5,19326774,2017-11-16 05:02:03,0.6202450060281753,0.4543873787637539
243,983752,b'Mif.dang',b'20171115202054',2,19395408,2017-12-16 07:40:58,0.5790268882967073,0.5109939848216599
244,983752,b'Mif.dang',b'20171115202054',2,19395409,2017-12-16 07:41:23,0.6138587783542194,0.3939432150416883
245,983759,b'El Venizelos',b'20171115213451',1,19360191,2017-11-30 19:40:54,0.3358230958005993,0.7274810948611358
246,983768,b'Cancan07',b'20171116004449',116,19326670,2017-11-16 01:16:48,0.9586034501026056,0.029733712917962923
247,983768,b'Cancan07',b'20171116004449',116,19326671,2017-11-16 01:18:02,0.6580163252775073,0.38618899035870236
248,983768,b'Cancan07',b'20171116004449',116,19326672,2017-11-16 01:19:12,0.5291733506802954,0.49864194756151337
249,983768,b'Cancan07',b'20171116004449',116,19326673,2017-11-16 01:19:53,0.7369866835869873,0.3146467834923811
250,983768,b'Cancan07',b'20171116004449',116,19326674,2017-11-16 01:20:40,0.7400421204776404,0.30591240168312794
251,983768,b'Cancan07',b'20171116004449',116,19326684,2017-11-16 01:33:49,na,na
252,983768,b'Cancan07',b'20171116004449',116,19326685,2017-11-16 01:34:09,na,na
253,983768,b'Cancan07',b'20171116004449',116,19326688,2017-11-16 01:37:32,na,na
254,983768,b'Cancan07',b'20171116004449',116,19326689,2017-11-16 01:39:20,na,na
255,983768,b'Cancan07',b'20171116004449',116,19326693,2017-11-16 01:46:37,na,na
256,983768,b'Cancan07',b'20171116004449',116,19326694,2017-11-16 01:47:08,na,na
257,983768,b'Cancan07',b'20171116004449',116,19326695,2017-11-16 01:47:34,na,na
258,983768,b'Cancan07',b'20171116004449',116,19326696,2017-11-16 01:51:11,na,na
259,983768,b'Cancan07',b'20171116004449',116,19326719,2017-11-16 02:31:07,na,na
260,983768,b'Cancan07',b'20171116004449',116,19326721,2017-11-16 02:32:59,na,na
261,983768,b'Cancan07',b'20171116004449',116,19326726,2017-11-16 02:35:54,na,na
262,983768,b'Cancan07',b'20171116004449',116,19326728,2017-11-16 02:36:39,na,na
263,983768,b'Cancan07',b'20171116004449',116,19326730,2017-11-16 02:37:03,na,na
264,983768,b'Cancan07',b'20171116004449',116,19326732,2017-11-16 02:39:37,na,na
265,983768,b'Cancan07',b'20171116004449',116,19326734,2017-11-16 02:40:16,na,na
266,983768,b'Cancan07',b'20171116004449',116,19326735,2017-11-16 02:40:43,na,na
267,983768,b'Cancan07',b'20171116004449',116,19326736,2017-11-16 02:41:02,na,na
268,983768,b'Cancan07',b'20171116004449',116,19326748,2017-11-16 02:57:12,na,na
269,983768,b'Cancan07',b'20171116004449',116,19326750,2017-11-16 02:58:25,na,na
270,983768,b'Cancan07',b'20171116004449',116,19326755,2017-11-16 03:05:02,na,na
271,983768,b'Cancan07',b'20171116004449',116,19326757,2017-11-16 03:06:04,na,na
272,983768,b'Cancan07',b'20171116004449',116,19326758,2017-11-16 03:07:55,na,na
273,983768,b'Cancan07',b'20171116004449',116,19326781,2017-11-16 05:21:13,na,na
274,983768,b'Cancan07',b'20171116004449',116,19326782,2017-11-16 05:22:30,na,na
275,983768,b'Cancan07',b'20171116004449',116,19326783,2017-11-16 05:32:09,na,na
276,983768,b'Cancan07',b'20171116004449',116,19326784,2017-11-16 05:33:29,na,na
277,983768,b'Cancan07',b'20171116004449',116,19326785,2017-11-16 05:34:03,na,na
278,983768,b'Cancan07',b'20171116004449',116,19326786,2017-11-16 05:34:20,na,na
279,983768,b'Cancan07',b'20171116004449',116,19326793,2017-11-16 05:53:33,na,na
280,983768,b'Cancan07',b'20171116004449',116,19326794,2017-11-16 05:54:31,na,na
281,983768,b'Cancan07',b'20171116004449',116,19326796,2017-11-16 05:56:27,na,na
282,983768,b'Cancan07',b'20171116004449',116,19326799,2017-11-16 05:59:09,na,na
283,983768,b'Cancan07',b'20171116004449',116,19326800,2017-11-16 06:04:47,na,na
284,983768,b'Cancan07',b'20171116004449',116,19326810,2017-11-16 06:10:34,na,na
285,983768,b'Cancan07',b'20171116004449',116,19326816,2017-11-16 06:12:53,na,na
286,983768,b'Cancan07',b'20171116004449',116,19326819,2017-11-16 06:13:59,na,na
287,983768,b'Cancan07',b'20171116004449',116,19326826,2017-11-16 06:17:35,na,na
288,983768,b'Cancan07',b'20171116004449',116,19326832,2017-11-16 06:20:23,na,na
289,983768,b'Cancan07',b'20171116004449',116,19326833,2017-11-16 06:23:58,na,na
290,983768,b'Cancan07',b'20171116004449',116,19326860,2017-11-16 06:29:08,na,na
291,983768,b'Cancan07',b'20171116004449',116,19326879,2017-11-16 06:38:01,na,na
292,983768,b'Cancan07',b'20171116004449',116,19326893,2017-11-16 06:43:19,na,na
293,983768,b'Cancan07',b'20171116004449',116,19326903,2017-11-16 06:49:16,na,na
294,983768,b'Cancan07',b'20171116004449',116,19326912,2017-11-16 06:58:54,na,na
295,983768,b'Cancan07',b'20171116004449',116,19326914,2017-11-16 07:01:58,na,na
296,983768,b'Cancan07',b'20171116004449',116,19326918,2017-11-16 07:02:57,na,na
297,983768,b'Cancan07',b'20171116004449',116,19326926,2017-11-16 07:07:22,na,na
298,983768,b'Cancan07',b'20171116004449',116,19326929,2017-11-16 07:09:30,na,na
299,983768,b'Cancan07',b'20171116004449',116,19326930,2017-11-16 07:10:25,na,na
300,983768,b'Cancan07',b'20171116004449',116,19326945,2017-11-16 07:21:09,na,na
301,983768,b'Cancan07',b'20171116004449',116,19326947,2017-11-16 07:21:54,na,na
302,983768,b'Cancan07',b'20171116004449',116,19326951,2017-11-16 07:22:55,na,na
303,983768,b'Cancan07',b'20171116004449',116,19326952,2017-11-16 07:23:19,na,na
304,983768,b'Cancan07',b'20171116004449',116,19326955,2017-11-16 07:27:55,na,na
305,983768,b'Cancan07',b'20171116004449',116,19326956,2017-11-16 07:29:36,na,na
306,983768,b'Cancan07',b'20171116004449',116,19326968,2017-11-16 07:36:40,na,na
307,983768,b'Cancan07',b'20171116004449',116,19326969,2017-11-16 07:37:05,na,na
308,983768,b'Cancan07',b'20171116004449',116,19326972,2017-11-16 07:39:06,na,na
309,983768,b'Cancan07',b'20171116004449',116,19326978,2017-11-16 07:42:17,na,na
310,983768,b'Cancan07',b'20171116004449',116,19326979,2017-11-16 07:43:08,na,na
311,983768,b'Cancan07',b'20171116004449',116,19326983,2017-11-16 07:48:30,na,na
312,983768,b'Cancan07',b'20171116004449',116,19326984,2017-11-16 07:50:16,na,na
313,983768,b'Cancan07',b'20171116004449',116,19326987,2017-11-16 07:53:36,na,na
314,983768,b'Cancan07',b'20171116004449',116,19326988,2017-11-16 07:54:51,na,na
315,983768,b'Cancan07',b'20171116004449',116,19326989,2017-11-16 07:56:55,na,na
316,983768,b'Cancan07',b'20171116004449',116,19326990,2017-11-16 07:59:29,na,na
317,983768,b'Cancan07',b'20171116004449',116,19326991,2017-11-16 08:01:05,na,na
318,983768,b'Cancan07',b'20171116004449',116,19326999,2017-11-16 08:08:49,na,na
319,983768,b'Cancan07',b'20171116004449',116,19327003,2017-11-16 08:10:07,na,na
320,983768,b'Cancan07',b'20171116004449',116,19327005,2017-11-16 08:12:12,na,na
321,983768,b'Cancan07',b'20171116004449',116,19327006,2017-11-16 08:17:59,na,na
322,983768,b'Cancan07',b'20171116004449',116,19327009,2017-11-16 08:24:44,na,na
323,983768,b'Cancan07',b'20171116004449',116,19327022,2017-11-16 08:34:16,na,na
324,983768,b'Cancan07',b'20171116004449',116,19340093,2017-11-19 19:24:18,na,na
325,983768,b'Cancan07',b'20171116004449',116,19340256,2017-11-19 19:34:41,na,na
326,983768,b'Cancan07',b'20171116004449',116,19340259,2017-11-19 19:36:31,na,na
327,983768,b'Cancan07',b'20171116004449',116,19340342,2017-11-19 19:38:44,na,na
328,983768,b'Cancan07',b'20171116004449',116,19340348,2017-11-19 19:41:19,na,na
329,983768,b'Cancan07',b'20171116004449',116,19340349,2017-11-19 19:41:56,na,na
330,983768,b'Cancan07',b'20171116004449',116,19377987,2017-12-08 23:25:38,na,na
331,983768,b'Cancan07',b'20171116004449',116,19377988,2017-12-08 23:25:58,na,na
332,983782,b'Sazan h',b'20171116090317',1,19327037,2017-11-16 09:12:39,0.9065453009593444,0.07966362767180715
333,983783,b'N\xc9\x99rmin Pa\xc5\x9fayeva',b'20171116090949',2,19327039,2017-11-16 09:27:53,0.8039583278645434,0.3139357906523532
334,983783,b'N\xc9\x99rmin Pa\xc5\x9fayeva',b'20171116090949',2,19327043,2017-11-16 09:33:51,0.4576717213323758,0.6592128734663686
335,983785,b'Sinemserap',b'20171116093730',1,19346054,2017-11-23 14:26:27,0.5754212455298822,0.5412391437885996
336,983797,b'Hakan Hacer',b'20171116121617',1,19327631,2017-11-16 12:21:59,0.4006191413451452,0.6398285505766158
337,983812,b'MacAir',b'20171116154339',10,19328882,2017-11-17 15:51:52,0.160694425991983,0.8716913823926892
338,983812,b'MacAir',b'20171116154339',10,19328898,2017-11-17 16:00:06,0.20463543288591568,0.8375321074517289
339,983812,b'MacAir',b'20171116154339',10,19328909,2017-11-17 16:07:16,0.29459273839068384,0.7391760464943944
340,983812,b'MacAir',b'20171116154339',10,19328917,2017-11-17 16:11:47,0.2751702843065748,0.7948467911953813
341,983812,b'MacAir',b'20171116154339',10,19328925,2017-11-17 16:16:35,0.28409025424151746,0.7312207003591993
342,983812,b'MacAir',b'20171116154339',10,19465138,2018-01-16 17:37:13,na,na
343,983812,b'MacAir',b'20171116154339',10,19465581,2018-01-16 20:56:47,na,na
344,983824,b'DelalDelalDelal',b'20171116190247',8,19327988,2017-11-16 19:07:24,0.19296535527048983,0.8603032238488724
345,983824,b'DelalDelalDelal',b'20171116190247',8,19327990,2017-11-16 19:07:49,0.3258608367929727,0.7501760640152405
346,983824,b'DelalDelalDelal',b'20171116190247',8,19648167,2018-04-04 22:34:13,0.6570206256941179,0.5371072618965658
347,983824,b'DelalDelalDelal',b'20171116190247',8,19648170,2018-04-04 22:48:37,0.5508281522709247,0.7465367170731803
348,983824,b'DelalDelalDelal',b'20171116190247',8,19648173,2018-04-04 22:52:26,0.595927393187799,0.694098060698193
349,983824,b'DelalDelalDelal',b'20171116190247',8,19648175,2018-04-04 22:54:54,na,na
350,983824,b'DelalDelalDelal',b'20171116190247',8,19648179,2018-04-04 23:01:36,na,na
351,983836,b'\xd0\x94\xd0\xbe\xd1\x87\xd0\xb5\xd0\xb2',b'20171116203323',1,19328131,2017-11-16 20:37:09,0.1763952714446206,0.8254753178513404
352,983838,b'Serhat D',b'20171116205514',2,19328173,2017-11-16 20:56:33,0.36643484622053274,0.6882708061342435
353,983838,b'Serhat D',b'20171116205514',2,19328761,2017-11-17 13:54:50,0.4127172385546927,0.6465278319480142
354,983839,b'Gulhan Dz',b'20171116210614',2,19328199,2017-11-16 21:10:02,0.3765894428405947,0.6920733627053837
355,983839,b'Gulhan Dz',b'20171116210614',2,19328200,2017-11-16 21:10:53,0.3874849480585,0.6853380179618299
356,983840,b'Sabr\xc4\xb1Ta\xc5\x9f\xc4\xb1rtma DurdukYereKa\xc5\x9f\xc4\xb1nma',b'20171116210857',7,19328205,2017-11-16 21:13:41,0.6271451710511361,0.6009602429591041
357,983840,b'Sabr\xc4\xb1Ta\xc5\x9f\xc4\xb1rtma DurdukYereKa\xc5\x9f\xc4\xb1nma',b'20171116210857',7,19328495,2017-11-17 05:55:39,0.9905024158190104,0.010383142220041493
358,983840,b'Sabr\xc4\xb1Ta\xc5\x9f\xc4\xb1rtma DurdukYereKa\xc5\x9f\xc4\xb1nma',b'20171116210857',7,19328504,2017-11-17 06:06:29,0.9904886893653251,0.009497927419886346
359,983844,b'Yukswiki',b'20171116221140',1,19328256,2017-11-16 22:12:47,0.5812290668007475,0.561573440573616
360,983859,b'PKG-AP35UK',b'20171117055230',2,19328494,2017-11-17 05:53:12,0.3944573203620107,0.7123912610362158
361,983859,b'PKG-AP35UK',b'20171117055230',2,19341317,2017-11-20 02:01:42,0.6264298499186964,0.5118205081360901
362,983866,b'Vakanivius...',b'20171117075411',414,19328543,2017-11-17 08:20:00,0.6059746977397705,0.5245803488171819
363,983866,b'Vakanivius...',b'20171117075411',414,19328545,2017-11-17 08:24:06,0.8037554826660392,0.3148553677031348
364,983866,b'Vakanivius...',b'20171117075411',414,19328546,2017-11-17 08:24:33,0.7273049571628923,0.44206191472318235
365,983866,b'Vakanivius...',b'20171117075411',414,19328551,2017-11-17 08:40:38,0.9896833490080348,0.011337463718734488
366,983866,b'Vakanivius...',b'20171117075411',414,19328552,2017-11-17 08:41:45,0.7160896150848405,0.3693477795744251
367,983866,b'Vakanivius...',b'20171117075411',414,19328575,2017-11-17 09:42:04,na,na
368,983866,b'Vakanivius...',b'20171117075411',414,19328577,2017-11-17 09:43:46,na,na
369,983866,b'Vakanivius...',b'20171117075411',414,19328578,2017-11-17 09:44:04,na,na
370,983866,b'Vakanivius...',b'20171117075411',414,19328580,2017-11-17 09:45:51,na,na
371,983866,b'Vakanivius...',b'20171117075411',414,19328581,2017-11-17 09:46:15,na,na
372,983866,b'Vakanivius...',b'20171117075411',414,19329812,2017-11-18 04:21:16,na,na
373,983866,b'Vakanivius...',b'20171117075411',414,19329813,2017-11-18 04:21:54,na,na
374,983866,b'Vakanivius...',b'20171117075411',414,19329814,2017-11-18 04:22:34,na,na
375,983866,b'Vakanivius...',b'20171117075411',414,19329815,2017-11-18 04:23:40,na,na
376,983866,b'Vakanivius...',b'20171117075411',414,19329816,2017-11-18 04:26:08,na,na
377,983866,b'Vakanivius...',b'20171117075411',414,19329819,2017-11-18 04:31:11,na,na
378,983866,b'Vakanivius...',b'20171117075411',414,19329820,2017-11-18 04:31:27,na,na
379,983866,b'Vakanivius...',b'20171117075411',414,19329823,2017-11-18 04:33:58,na,na
380,983866,b'Vakanivius...',b'20171117075411',414,19329824,2017-11-18 04:35:03,na,na
381,983866,b'Vakanivius...',b'20171117075411',414,19329837,2017-11-18 05:47:12,na,na
382,983866,b'Vakanivius...',b'20171117075411',414,19329838,2017-11-18 05:48:15,na,na
383,983866,b'Vakanivius...',b'20171117075411',414,19329925,2017-11-18 07:41:16,na,na
384,983866,b'Vakanivius...',b'20171117075411',414,19329935,2017-11-18 07:45:11,na,na
385,983866,b'Vakanivius...',b'20171117075411',414,19329983,2017-11-18 08:08:40,na,na
386,983866,b'Vakanivius...',b'20171117075411',414,19329984,2017-11-18 08:09:03,na,na
387,983866,b'Vakanivius...',b'20171117075411',414,19329985,2017-11-18 08:09:22,na,na
388,983866,b'Vakanivius...',b'20171117075411',414,19329988,2017-11-18 08:10:33,na,na
389,983866,b'Vakanivius...',b'20171117075411',414,19330012,2017-11-18 08:26:27,na,na
390,983866,b'Vakanivius...',b'20171117075411',414,19333989,2017-11-18 19:30:17,na,na
391,983866,b'Vakanivius...',b'20171117075411',414,19334313,2017-11-18 19:34:41,na,na
392,983866,b'Vakanivius...',b'20171117075411',414,19335888,2017-11-19 03:10:00,na,na
393,983866,b'Vakanivius...',b'20171117075411',414,19335889,2017-11-19 03:10:54,na,na
394,983866,b'Vakanivius...',b'20171117075411',414,19335900,2017-11-19 03:24:51,na,na
395,983866,b'Vakanivius...',b'20171117075411',414,19335902,2017-11-19 03:25:41,na,na
396,983866,b'Vakanivius...',b'20171117075411',414,19335959,2017-11-19 05:41:35,na,na
397,983866,b'Vakanivius...',b'20171117075411',414,19335961,2017-11-19 05:43:44,na,na
398,983866,b'Vakanivius...',b'20171117075411',414,19335962,2017-11-19 05:46:10,na,na
399,983866,b'Vakanivius...',b'20171117075411',414,19335963,2017-11-19 05:46:44,na,na
400,983866,b'Vakanivius...',b'20171117075411',414,19336030,2017-11-19 07:50:29,na,na
401,983866,b'Vakanivius...',b'20171117075411',414,19336034,2017-11-19 07:52:05,na,na
402,983866,b'Vakanivius...',b'20171117075411',414,19336042,2017-11-19 08:14:37,na,na
403,983866,b'Vakanivius...',b'20171117075411',414,19336043,2017-11-19 08:16:54,na,na
404,983866,b'Vakanivius...',b'20171117075411',414,19342926,2017-11-21 13:22:11,na,na
405,983866,b'Vakanivius...',b'20171117075411',414,19342927,2017-11-21 13:22:26,na,na
406,983866,b'Vakanivius...',b'20171117075411',414,19342929,2017-11-21 13:23:29,na,na
407,983866,b'Vakanivius...',b'20171117075411',414,19342931,2017-11-21 13:25:50,na,na
408,983866,b'Vakanivius...',b'20171117075411',414,19342933,2017-11-21 13:26:50,na,na
409,983866,b'Vakanivius...',b'20171117075411',414,19342935,2017-11-21 13:29:33,na,na
410,983866,b'Vakanivius...',b'20171117075411',414,19342936,2017-11-21 13:29:57,na,na
411,983866,b'Vakanivius...',b'20171117075411',414,19342941,2017-11-21 13:36:30,na,na
412,983866,b'Vakanivius...',b'20171117075411',414,19342942,2017-11-21 13:37:23,na,na
413,983866,b'Vakanivius...',b'20171117075411',414,19344306,2017-11-22 04:26:56,na,na
414,983866,b'Vakanivius...',b'20171117075411',414,19344307,2017-11-22 04:28:34,na,na
415,983866,b'Vakanivius...',b'20171117075411',414,19344308,2017-11-22 04:28:55,na,na
416,983866,b'Vakanivius...',b'20171117075411',414,19344309,2017-11-22 04:29:18,na,na
417,983866,b'Vakanivius...',b'20171117075411',414,19344310,2017-11-22 04:35:13,na,na
418,983866,b'Vakanivius...',b'20171117075411',414,19344311,2017-11-22 04:35:55,na,na
419,983866,b'Vakanivius...',b'20171117075411',414,19344371,2017-11-22 07:02:47,na,na
420,983866,b'Vakanivius...',b'20171117075411',414,19344380,2017-11-22 07:05:50,na,na
421,983866,b'Vakanivius...',b'20171117075411',414,19344385,2017-11-22 07:06:45,na,na
422,983866,b'Vakanivius...',b'20171117075411',414,19344388,2017-11-22 07:07:16,na,na
423,983866,b'Vakanivius...',b'20171117075411',414,19344391,2017-11-22 07:11:06,na,na
424,983866,b'Vakanivius...',b'20171117075411',414,19344394,2017-11-22 07:15:25,na,na
425,983866,b'Vakanivius...',b'20171117075411',414,19344610,2017-11-22 13:31:37,na,na
426,983866,b'Vakanivius...',b'20171117075411',414,19344611,2017-11-22 13:32:02,na,na
427,983866,b'Vakanivius...',b'20171117075411',414,19344615,2017-11-22 13:39:51,na,na
428,983866,b'Vakanivius...',b'20171117075411',414,19344618,2017-11-22 13:42:13,na,na
429,983866,b'Vakanivius...',b'20171117075411',414,19344619,2017-11-22 13:43:02,na,na
430,983866,b'Vakanivius...',b'20171117075411',414,19344620,2017-11-22 13:43:22,na,na
431,983866,b'Vakanivius...',b'20171117075411',414,19344621,2017-11-22 13:43:42,na,na
432,983866,b'Vakanivius...',b'20171117075411',414,19344622,2017-11-22 13:44:14,na,na
433,983866,b'Vakanivius...',b'20171117075411',414,19344624,2017-11-22 13:45:59,na,na
434,983866,b'Vakanivius...',b'20171117075411',414,19344626,2017-11-22 13:49:01,na,na
435,983866,b'Vakanivius...',b'20171117075411',414,19344632,2017-11-22 14:08:47,na,na
436,983866,b'Vakanivius...',b'20171117075411',414,19344637,2017-11-22 14:11:02,na,na
437,983866,b'Vakanivius...',b'20171117075411',414,19345772,2017-11-23 04:50:30,na,na
438,983866,b'Vakanivius...',b'20171117075411',414,19345773,2017-11-23 04:51:09,na,na
439,983866,b'Vakanivius...',b'20171117075411',414,19345774,2017-11-23 04:52:11,na,na
440,983866,b'Vakanivius...',b'20171117075411',414,19345818,2017-11-23 07:45:15,na,na
441,983866,b'Vakanivius...',b'20171117075411',414,19345836,2017-11-23 08:15:07,na,na
442,983866,b'Vakanivius...',b'20171117075411',414,19345880,2017-11-23 09:17:19,na,na
443,983866,b'Vakanivius...',b'20171117075411',414,19345882,2017-11-23 09:35:17,na,na
444,983866,b'Vakanivius...',b'20171117075411',414,19345884,2017-11-23 09:36:22,na,na
445,983866,b'Vakanivius...',b'20171117075411',414,19345885,2017-11-23 09:36:36,na,na
446,983866,b'Vakanivius...',b'20171117075411',414,19345886,2017-11-23 09:37:17,na,na
447,983866,b'Vakanivius...',b'20171117075411',414,19345940,2017-11-23 10:49:27,na,na
448,983866,b'Vakanivius...',b'20171117075411',414,19345942,2017-11-23 10:54:12,na,na
449,983866,b'Vakanivius...',b'20171117075411',414,19345945,2017-11-23 10:56:31,na,na
450,983866,b'Vakanivius...',b'20171117075411',414,19345951,2017-11-23 11:00:41,na,na
451,983866,b'Vakanivius...',b'20171117075411',414,19345956,2017-11-23 11:04:17,na,na
452,983866,b'Vakanivius...',b'20171117075411',414,19345964,2017-11-23 11:19:30,na,na
453,983866,b'Vakanivius...',b'20171117075411',414,19345969,2017-11-23 11:22:19,na,na
454,983866,b'Vakanivius...',b'20171117075411',414,19346953,2017-11-24 03:38:38,na,na
455,983866,b'Vakanivius...',b'20171117075411',414,19346954,2017-11-24 03:39:24,na,na
456,983866,b'Vakanivius...',b'20171117075411',414,19346959,2017-11-24 04:16:52,na,na
457,983866,b'Vakanivius...',b'20171117075411',414,19347674,2017-11-24 19:43:24,na,na
458,983866,b'Vakanivius...',b'20171117075411',414,19347721,2017-11-24 19:58:27,na,na
459,983866,b'Vakanivius...',b'20171117075411',414,19347736,2017-11-24 20:03:34,na,na
460,983866,b'Vakanivius...',b'20171117075411',414,19347740,2017-11-24 20:04:40,na,na
461,983866,b'Vakanivius...',b'20171117075411',414,19347743,2017-11-24 20:05:13,na,na
462,983866,b'Vakanivius...',b'20171117075411',414,19347955,2017-11-24 20:40:54,na,na
463,983866,b'Vakanivius...',b'20171117075411',414,19347968,2017-11-24 20:44:08,na,na
464,983866,b'Vakanivius...',b'20171117075411',414,19347969,2017-11-24 20:44:32,na,na
465,983866,b'Vakanivius...',b'20171117075411',414,19347984,2017-11-24 20:54:04,na,na
466,983866,b'Vakanivius...',b'20171117075411',414,19348459,2017-11-25 09:46:58,na,na
467,983866,b'Vakanivius...',b'20171117075411',414,19348489,2017-11-25 10:15:09,na,na
468,983866,b'Vakanivius...',b'20171117075411',414,19348491,2017-11-25 10:15:41,na,na
469,983866,b'Vakanivius...',b'20171117075411',414,19348492,2017-11-25 10:17:13,na,na
470,983866,b'Vakanivius...',b'20171117075411',414,19348494,2017-11-25 10:17:45,na,na
471,983866,b'Vakanivius...',b'20171117075411',414,19348496,2017-11-25 10:18:26,na,na
472,983866,b'Vakanivius...',b'20171117075411',414,19348501,2017-11-25 10:24:32,na,na
473,983866,b'Vakanivius...',b'20171117075411',414,19349196,2017-11-25 20:14:14,na,na
474,983866,b'Vakanivius...',b'20171117075411',414,19349197,2017-11-25 20:15:07,na,na
475,983866,b'Vakanivius...',b'20171117075411',414,19349202,2017-11-25 20:15:47,na,na
476,983866,b'Vakanivius...',b'20171117075411',414,19349208,2017-11-25 20:18:43,na,na
477,983866,b'Vakanivius...',b'20171117075411',414,19349222,2017-11-25 20:27:33,na,na
478,983866,b'Vakanivius...',b'20171117075411',414,19349224,2017-11-25 20:28:22,na,na
479,983866,b'Vakanivius...',b'20171117075411',414,19349887,2017-11-26 05:03:36,na,na
480,983866,b'Vakanivius...',b'20171117075411',414,19349888,2017-11-26 05:04:36,na,na
481,983866,b'Vakanivius...',b'20171117075411',414,19349889,2017-11-26 05:09:56,na,na
482,983866,b'Vakanivius...',b'20171117075411',414,19349890,2017-11-26 05:12:47,na,na
483,983866,b'Vakanivius...',b'20171117075411',414,19349891,2017-11-26 05:14:52,na,na
484,983866,b'Vakanivius...',b'20171117075411',414,19349893,2017-11-26 05:39:26,na,na
485,983866,b'Vakanivius...',b'20171117075411',414,19349894,2017-11-26 05:40:09,na,na
486,983866,b'Vakanivius...',b'20171117075411',414,19349898,2017-11-26 06:00:34,na,na
487,983866,b'Vakanivius...',b'20171117075411',414,19349900,2017-11-26 06:06:35,na,na
488,983866,b'Vakanivius...',b'20171117075411',414,19349901,2017-11-26 06:10:21,na,na
489,983866,b'Vakanivius...',b'20171117075411',414,19349913,2017-11-26 06:29:14,na,na
490,983866,b'Vakanivius...',b'20171117075411',414,19349966,2017-11-26 09:05:37,na,na
491,983866,b'Vakanivius...',b'20171117075411',414,19349967,2017-11-26 09:09:46,na,na
492,983866,b'Vakanivius...',b'20171117075411',414,19349968,2017-11-26 09:10:21,na,na
493,983866,b'Vakanivius...',b'20171117075411',414,19349971,2017-11-26 09:14:51,na,na
494,983866,b'Vakanivius...',b'20171117075411',414,19349972,2017-11-26 09:15:31,na,na
495,983866,b'Vakanivius...',b'20171117075411',414,19349975,2017-11-26 09:17:48,na,na
496,983866,b'Vakanivius...',b'20171117075411',414,19349977,2017-11-26 09:18:12,na,na
497,983866,b'Vakanivius...',b'20171117075411',414,19351211,2017-11-26 20:07:38,na,na
498,983866,b'Vakanivius...',b'20171117075411',414,19351352,2017-11-26 20:31:19,na,na
499,983866,b'Vakanivius...',b'20171117075411',414,19351437,2017-11-26 20:40:03,na,na
500,983866,b'Vakanivius...',b'20171117075411',414,19351543,2017-11-26 20:52:18,na,na
501,983866,b'Vakanivius...',b'20171117075411',414,19352484,2017-11-27 08:04:31,na,na
502,983866,b'Vakanivius...',b'20171117075411',414,19352488,2017-11-27 08:08:45,na,na
503,983866,b'Vakanivius...',b'20171117075411',414,19352489,2017-11-27 08:09:17,na,na
504,983866,b'Vakanivius...',b'20171117075411',414,19352496,2017-11-27 08:20:53,na,na
505,983866,b'Vakanivius...',b'20171117075411',414,19352498,2017-11-27 08:24:12,na,na
506,983866,b'Vakanivius...',b'20171117075411',414,19352499,2017-11-27 08:25:18,na,na
507,983866,b'Vakanivius...',b'20171117075411',414,19352500,2017-11-27 08:26:01,na,na
508,983866,b'Vakanivius...',b'20171117075411',414,19352501,2017-11-27 08:27:08,na,na
509,983866,b'Vakanivius...',b'20171117075411',414,19352504,2017-11-27 08:40:18,na,na
510,983866,b'Vakanivius...',b'20171117075411',414,19352505,2017-11-27 08:40:59,na,na
511,983866,b'Vakanivius...',b'20171117075411',414,19352506,2017-11-27 08:41:13,na,na
512,983866,b'Vakanivius...',b'20171117075411',414,19352530,2017-11-27 09:48:13,na,na
513,983866,b'Vakanivius...',b'20171117075411',414,19352532,2017-11-27 09:49:50,na,na
514,983866,b'Vakanivius...',b'20171117075411',414,19355212,2017-11-28 05:11:00,na,na
515,983866,b'Vakanivius...',b'20171117075411',414,19355213,2017-11-28 05:12:49,na,na
516,983866,b'Vakanivius...',b'20171117075411',414,19355214,2017-11-28 05:16:03,na,na
517,983866,b'Vakanivius...',b'20171117075411',414,19355216,2017-11-28 05:20:48,na,na
518,983866,b'Vakanivius...',b'20171117075411',414,19355226,2017-11-28 05:30:58,na,na
519,983866,b'Vakanivius...',b'20171117075411',414,19355227,2017-11-28 05:31:54,na,na
520,983866,b'Vakanivius...',b'20171117075411',414,19355241,2017-11-28 06:30:19,na,na
521,983866,b'Vakanivius...',b'20171117075411',414,19355243,2017-11-28 06:31:51,na,na
522,983866,b'Vakanivius...',b'20171117075411',414,19355244,2017-11-28 06:33:38,na,na
523,983866,b'Vakanivius...',b'20171117075411',414,19357160,2017-11-29 05:02:06,na,na
524,983866,b'Vakanivius...',b'20171117075411',414,19357246,2017-11-29 08:08:45,na,na
525,983866,b'Vakanivius...',b'20171117075411',414,19357247,2017-11-29 08:09:53,na,na
526,983866,b'Vakanivius...',b'20171117075411',414,19357283,2017-11-29 10:07:41,na,na
527,983866,b'Vakanivius...',b'20171117075411',414,19357284,2017-11-29 10:08:18,na,na
528,983866,b'Vakanivius...',b'20171117075411',414,19359588,2017-11-30 11:19:59,na,na
529,983866,b'Vakanivius...',b'20171117075411',414,19359589,2017-11-30 11:20:19,na,na
530,983866,b'Vakanivius...',b'20171117075411',414,19359590,2017-11-30 11:20:34,na,na
531,983866,b'Vakanivius...',b'20171117075411',414,19359591,2017-11-30 11:20:53,na,na
532,983866,b'Vakanivius...',b'20171117075411',414,19359593,2017-11-30 11:22:05,na,na
533,983866,b'Vakanivius...',b'20171117075411',414,19359640,2017-11-30 12:32:18,na,na
534,983866,b'Vakanivius...',b'20171117075411',414,19359641,2017-11-30 12:32:38,na,na
535,983866,b'Vakanivius...',b'20171117075411',414,19359642,2017-11-30 12:33:27,na,na
536,983866,b'Vakanivius...',b'20171117075411',414,19359643,2017-11-30 12:34:48,na,na
537,983866,b'Vakanivius...',b'20171117075411',414,19359644,2017-11-30 12:35:53,na,na
538,983866,b'Vakanivius...',b'20171117075411',414,19359654,2017-11-30 12:45:53,na,na
539,983866,b'Vakanivius...',b'20171117075411',414,19359656,2017-11-30 12:48:24,na,na
540,983866,b'Vakanivius...',b'20171117075411',414,19359658,2017-11-30 12:49:52,na,na
541,983866,b'Vakanivius...',b'20171117075411',414,19359660,2017-11-30 12:51:09,na,na
542,983866,b'Vakanivius...',b'20171117075411',414,19359667,2017-11-30 12:55:09,na,na
543,983866,b'Vakanivius...',b'20171117075411',414,19359668,2017-11-30 12:56:18,na,na
544,983866,b'Vakanivius...',b'20171117075411',414,19361109,2017-12-01 03:18:45,na,na
545,983866,b'Vakanivius...',b'20171117075411',414,19361110,2017-12-01 03:24:59,na,na
546,983866,b'Vakanivius...',b'20171117075411',414,19361111,2017-12-01 03:25:59,na,na
547,983866,b'Vakanivius...',b'20171117075411',414,19361112,2017-12-01 03:26:13,na,na
548,983866,b'Vakanivius...',b'20171117075411',414,19361113,2017-12-01 03:29:09,na,na
549,983866,b'Vakanivius...',b'20171117075411',414,19361115,2017-12-01 03:45:57,na,na
550,983866,b'Vakanivius...',b'20171117075411',414,19361174,2017-12-01 04:59:28,na,na
551,983866,b'Vakanivius...',b'20171117075411',414,19361177,2017-12-01 05:00:32,na,na
552,983866,b'Vakanivius...',b'20171117075411',414,19361178,2017-12-01 05:01:37,na,na
553,983866,b'Vakanivius...',b'20171117075411',414,19361181,2017-12-01 05:02:54,na,na
554,983866,b'Vakanivius...',b'20171117075411',414,19361586,2017-12-01 10:31:49,na,na
555,983866,b'Vakanivius...',b'20171117075411',414,19361592,2017-12-01 10:33:57,na,na
556,983866,b'Vakanivius...',b'20171117075411',414,19361599,2017-12-01 10:37:07,na,na
557,983866,b'Vakanivius...',b'20171117075411',414,19361603,2017-12-01 10:40:44,na,na
558,983866,b'Vakanivius...',b'20171117075411',414,19361606,2017-12-01 10:42:58,na,na
559,983866,b'Vakanivius...',b'20171117075411',414,19362590,2017-12-01 19:02:58,na,na
560,983866,b'Vakanivius...',b'20171117075411',414,19362596,2017-12-01 19:03:41,na,na
561,983866,b'Vakanivius...',b'20171117075411',414,19362999,2017-12-02 01:25:54,na,na
562,983866,b'Vakanivius...',b'20171117075411',414,19363000,2017-12-02 01:29:15,na,na
563,983866,b'Vakanivius...',b'20171117075411',414,19363001,2017-12-02 01:30:27,na,na
564,983866,b'Vakanivius...',b'20171117075411',414,19363003,2017-12-02 01:47:08,na,na
565,983866,b'Vakanivius...',b'20171117075411',414,19363004,2017-12-02 01:48:41,na,na
566,983866,b'Vakanivius...',b'20171117075411',414,19363006,2017-12-02 01:49:25,na,na
567,983866,b'Vakanivius...',b'20171117075411',414,19363009,2017-12-02 01:52:17,na,na
568,983866,b'Vakanivius...',b'20171117075411',414,19363010,2017-12-02 01:54:06,na,na
569,983866,b'Vakanivius...',b'20171117075411',414,19363012,2017-12-02 01:57:13,na,na
570,983866,b'Vakanivius...',b'20171117075411',414,19363013,2017-12-02 01:58:26,na,na
571,983866,b'Vakanivius...',b'20171117075411',414,19363019,2017-12-02 02:35:22,na,na
572,983866,b'Vakanivius...',b'20171117075411',414,19363020,2017-12-02 02:48:55,na,na
573,983866,b'Vakanivius...',b'20171117075411',414,19363021,2017-12-02 02:50:38,na,na
574,983866,b'Vakanivius...',b'20171117075411',414,19363022,2017-12-02 02:52:30,na,na
575,983866,b'Vakanivius...',b'20171117075411',414,19363024,2017-12-02 02:53:20,na,na
576,983866,b'Vakanivius...',b'20171117075411',414,19363025,2017-12-02 02:58:51,na,na
577,983866,b'Vakanivius...',b'20171117075411',414,19366369,2017-12-03 03:54:52,na,na
578,983866,b'Vakanivius...',b'20171117075411',414,19366370,2017-12-03 03:55:34,na,na
579,983866,b'Vakanivius...',b'20171117075411',414,19366371,2017-12-03 04:06:55,na,na
580,983866,b'Vakanivius...',b'20171117075411',414,19366372,2017-12-03 04:07:11,na,na
581,983866,b'Vakanivius...',b'20171117075411',414,19366375,2017-12-03 04:08:14,na,na
582,983866,b'Vakanivius...',b'20171117075411',414,19366376,2017-12-03 04:09:44,na,na
583,983866,b'Vakanivius...',b'20171117075411',414,19366377,2017-12-03 04:10:46,na,na
584,983866,b'Vakanivius...',b'20171117075411',414,19366378,2017-12-03 04:11:40,na,na
585,983866,b'Vakanivius...',b'20171117075411',414,19366382,2017-12-03 05:17:00,na,na
586,983866,b'Vakanivius...',b'20171117075411',414,19366383,2017-12-03 05:17:22,na,na
587,983866,b'Vakanivius...',b'20171117075411',414,19366389,2017-12-03 05:32:38,na,na
588,983866,b'Vakanivius...',b'20171117075411',414,19366590,2017-12-03 10:37:48,na,na
589,983866,b'Vakanivius...',b'20171117075411',414,19366595,2017-12-03 10:38:13,na,na
590,983866,b'Vakanivius...',b'20171117075411',414,19366596,2017-12-03 10:39:00,na,na
591,983866,b'Vakanivius...',b'20171117075411',414,19366597,2017-12-03 10:40:15,na,na
592,983866,b'Vakanivius...',b'20171117075411',414,19366599,2017-12-03 10:40:48,na,na
593,983866,b'Vakanivius...',b'20171117075411',414,19367568,2017-12-03 20:13:53,na,na
594,983866,b'Vakanivius...',b'20171117075411',414,19367570,2017-12-03 20:16:18,na,na
595,983866,b'Vakanivius...',b'20171117075411',414,19367571,2017-12-03 20:17:03,na,na
596,983866,b'Vakanivius...',b'20171117075411',414,19367937,2017-12-03 21:46:27,na,na
597,983866,b'Vakanivius...',b'20171117075411',414,19367938,2017-12-03 21:47:19,na,na
598,983866,b'Vakanivius...',b'20171117075411',414,19368215,2017-12-04 06:25:57,na,na
599,983866,b'Vakanivius...',b'20171117075411',414,19368217,2017-12-04 06:26:47,na,na
600,983866,b'Vakanivius...',b'20171117075411',414,19368218,2017-12-04 06:27:29,na,na
601,983866,b'Vakanivius...',b'20171117075411',414,19368280,2017-12-04 09:20:18,na,na
602,983866,b'Vakanivius...',b'20171117075411',414,19368292,2017-12-04 09:59:43,na,na
603,983866,b'Vakanivius...',b'20171117075411',414,19368294,2017-12-04 10:00:34,na,na
604,983866,b'Vakanivius...',b'20171117075411',414,19368296,2017-12-04 10:00:45,na,na
605,983866,b'Vakanivius...',b'20171117075411',414,19368297,2017-12-04 10:03:04,na,na
606,983866,b'Vakanivius...',b'20171117075411',414,19368298,2017-12-04 10:03:17,na,na
607,983866,b'Vakanivius...',b'20171117075411',414,19368299,2017-12-04 10:04:18,na,na
608,983866,b'Vakanivius...',b'20171117075411',414,19368300,2017-12-04 10:05:26,na,na
609,983866,b'Vakanivius...',b'20171117075411',414,19368303,2017-12-04 10:07:25,na,na
610,983866,b'Vakanivius...',b'20171117075411',414,19368304,2017-12-04 10:07:45,na,na
611,983866,b'Vakanivius...',b'20171117075411',414,19368306,2017-12-04 10:08:54,na,na
612,983866,b'Vakanivius...',b'20171117075411',414,19368308,2017-12-04 10:10:26,na,na
613,983866,b'Vakanivius...',b'20171117075411',414,19369597,2017-12-05 06:18:21,na,na
614,983866,b'Vakanivius...',b'20171117075411',414,19369600,2017-12-05 06:19:38,na,na
615,983866,b'Vakanivius...',b'20171117075411',414,19369604,2017-12-05 06:21:01,na,na
616,983866,b'Vakanivius...',b'20171117075411',414,19374112,2017-12-07 04:50:16,na,na
617,983866,b'Vakanivius...',b'20171117075411',414,19374113,2017-12-07 04:50:38,na,na
618,983866,b'Vakanivius...',b'20171117075411',414,19374114,2017-12-07 05:00:04,na,na
619,983866,b'Vakanivius...',b'20171117075411',414,19374117,2017-12-07 05:01:29,na,na
620,983866,b'Vakanivius...',b'20171117075411',414,19374127,2017-12-07 06:00:11,na,na
621,983866,b'Vakanivius...',b'20171117075411',414,19374129,2017-12-07 06:01:21,na,na
622,983866,b'Vakanivius...',b'20171117075411',414,19374132,2017-12-07 06:02:29,na,na
623,983866,b'Vakanivius...',b'20171117075411',414,19374135,2017-12-07 06:03:48,na,na
624,983866,b'Vakanivius...',b'20171117075411',414,19374138,2017-12-07 06:05:09,na,na
625,983866,b'Vakanivius...',b'20171117075411',414,19375123,2017-12-07 12:11:46,na,na
626,983866,b'Vakanivius...',b'20171117075411',414,19375429,2017-12-07 13:18:31,na,na
627,983866,b'Vakanivius...',b'20171117075411',414,19375431,2017-12-07 13:19:56,na,na
628,983866,b'Vakanivius...',b'20171117075411',414,19375433,2017-12-07 13:21:36,na,na
629,983866,b'Vakanivius...',b'20171117075411',414,19375437,2017-12-07 13:24:15,na,na
630,983866,b'Vakanivius...',b'20171117075411',414,19375477,2017-12-07 14:06:47,na,na
631,983866,b'Vakanivius...',b'20171117075411',414,19375478,2017-12-07 14:07:19,na,na
632,983866,b'Vakanivius...',b'20171117075411',414,19375481,2017-12-07 14:09:52,na,na
633,983866,b'Vakanivius...',b'20171117075411',414,19376507,2017-12-08 04:16:41,na,na
634,983866,b'Vakanivius...',b'20171117075411',414,19376508,2017-12-08 04:25:13,na,na
635,983866,b'Vakanivius...',b'20171117075411',414,19376512,2017-12-08 04:55:53,na,na
636,983866,b'Vakanivius...',b'20171117075411',414,19376513,2017-12-08 04:56:25,na,na
637,983866,b'Vakanivius...',b'20171117075411',414,19376514,2017-12-08 04:57:45,na,na
638,983866,b'Vakanivius...',b'20171117075411',414,19376515,2017-12-08 04:59:12,na,na
639,983866,b'Vakanivius...',b'20171117075411',414,19376524,2017-12-08 05:30:39,na,na
640,983866,b'Vakanivius...',b'20171117075411',414,19376527,2017-12-08 05:36:44,na,na
641,983866,b'Vakanivius...',b'20171117075411',414,19376584,2017-12-08 06:40:16,na,na
642,983866,b'Vakanivius...',b'20171117075411',414,19376586,2017-12-08 06:41:21,na,na
643,983866,b'Vakanivius...',b'20171117075411',414,19376609,2017-12-08 06:53:56,na,na
644,983866,b'Vakanivius...',b'20171117075411',414,19376612,2017-12-08 06:55:05,na,na
645,983866,b'Vakanivius...',b'20171117075411',414,19376628,2017-12-08 07:24:17,na,na
646,983866,b'Vakanivius...',b'20171117075411',414,19376631,2017-12-08 07:25:58,na,na
647,983866,b'Vakanivius...',b'20171117075411',414,19376632,2017-12-08 07:26:31,na,na
648,983866,b'Vakanivius...',b'20171117075411',414,19376673,2017-12-08 08:24:35,na,na
649,983866,b'Vakanivius...',b'20171117075411',414,19376674,2017-12-08 08:26:06,na,na
650,983866,b'Vakanivius...',b'20171117075411',414,19376675,2017-12-08 08:27:17,na,na
651,983866,b'Vakanivius...',b'20171117075411',414,19376699,2017-12-08 08:53:03,na,na
652,983866,b'Vakanivius...',b'20171117075411',414,19376703,2017-12-08 08:54:48,na,na
653,983866,b'Vakanivius...',b'20171117075411',414,19376706,2017-12-08 08:55:43,na,na
654,983866,b'Vakanivius...',b'20171117075411',414,19376707,2017-12-08 08:56:44,na,na
655,983866,b'Vakanivius...',b'20171117075411',414,19376708,2017-12-08 08:58:29,na,na
656,983866,b'Vakanivius...',b'20171117075411',414,19376757,2017-12-08 10:10:53,na,na
657,983866,b'Vakanivius...',b'20171117075411',414,19376761,2017-12-08 10:13:39,na,na
658,983866,b'Vakanivius...',b'20171117075411',414,19376765,2017-12-08 10:16:47,na,na
659,983866,b'Vakanivius...',b'20171117075411',414,19376773,2017-12-08 10:24:50,na,na
660,983866,b'Vakanivius...',b'20171117075411',414,19376775,2017-12-08 10:25:24,na,na
661,983866,b'Vakanivius...',b'20171117075411',414,19378306,2017-12-09 05:19:56,na,na
662,983866,b'Vakanivius...',b'20171117075411',414,19378308,2017-12-09 05:26:41,na,na
663,983866,b'Vakanivius...',b'20171117075411',414,19378309,2017-12-09 05:29:45,na,na
664,983866,b'Vakanivius...',b'20171117075411',414,19378311,2017-12-09 05:30:16,na,na
665,983866,b'Vakanivius...',b'20171117075411',414,19378316,2017-12-09 05:46:36,na,na
666,983866,b'Vakanivius...',b'20171117075411',414,19378317,2017-12-09 05:48:08,na,na
667,983866,b'Vakanivius...',b'20171117075411',414,19378318,2017-12-09 05:50:43,na,na
668,983866,b'Vakanivius...',b'20171117075411',414,19378321,2017-12-09 06:01:18,na,na
669,983866,b'Vakanivius...',b'20171117075411',414,19378332,2017-12-09 07:01:20,na,na
670,983866,b'Vakanivius...',b'20171117075411',414,19378333,2017-12-09 07:06:23,na,na
671,983866,b'Vakanivius...',b'20171117075411',414,19378334,2017-12-09 07:08:09,na,na
672,983866,b'Vakanivius...',b'20171117075411',414,19378335,2017-12-09 07:09:24,na,na
673,983866,b'Vakanivius...',b'20171117075411',414,19380502,2017-12-09 19:49:28,na,na
674,983866,b'Vakanivius...',b'20171117075411',414,19380506,2017-12-09 19:50:42,na,na
675,983866,b'Vakanivius...',b'20171117075411',414,19380508,2017-12-09 19:51:05,na,na
676,983866,b'Vakanivius...',b'20171117075411',414,19380513,2017-12-09 19:53:20,na,na
677,983866,b'Vakanivius...',b'20171117075411',414,19381918,2017-12-10 04:39:15,na,na
678,983866,b'Vakanivius...',b'20171117075411',414,19381920,2017-12-10 04:40:08,na,na
679,983866,b'Vakanivius...',b'20171117075411',414,19381921,2017-12-10 04:43:33,na,na
680,983866,b'Vakanivius...',b'20171117075411',414,19381922,2017-12-10 04:44:38,na,na
681,983866,b'Vakanivius...',b'20171117075411',414,19381924,2017-12-10 04:55:36,na,na
682,983866,b'Vakanivius...',b'20171117075411',414,19381925,2017-12-10 04:59:53,na,na
683,983866,b'Vakanivius...',b'20171117075411',414,19381928,2017-12-10 05:18:41,na,na
684,983866,b'Vakanivius...',b'20171117075411',414,19381929,2017-12-10 05:27:09,na,na
685,983866,b'Vakanivius...',b'20171117075411',414,19381930,2017-12-10 05:28:19,na,na
686,983866,b'Vakanivius...',b'20171117075411',414,19381932,2017-12-10 05:30:54,na,na
687,983866,b'Vakanivius...',b'20171117075411',414,19381942,2017-12-10 06:03:36,na,na
688,983866,b'Vakanivius...',b'20171117075411',414,19381943,2017-12-10 06:05:00,na,na
689,983866,b'Vakanivius...',b'20171117075411',414,19381944,2017-12-10 06:05:46,na,na
690,983866,b'Vakanivius...',b'20171117075411',414,19381945,2017-12-10 06:07:39,na,na
691,983866,b'Vakanivius...',b'20171117075411',414,19381953,2017-12-10 06:34:46,na,na
692,983866,b'Vakanivius...',b'20171117075411',414,19381961,2017-12-10 06:43:25,na,na
693,983866,b'Vakanivius...',b'20171117075411',414,19381968,2017-12-10 06:57:27,na,na
694,983866,b'Vakanivius...',b'20171117075411',414,19381981,2017-12-10 07:18:01,na,na
695,983866,b'Vakanivius...',b'20171117075411',414,19384090,2017-12-11 03:44:03,na,na
696,983866,b'Vakanivius...',b'20171117075411',414,19384091,2017-12-11 03:44:45,na,na
697,983866,b'Vakanivius...',b'20171117075411',414,19384092,2017-12-11 03:45:28,na,na
698,983866,b'Vakanivius...',b'20171117075411',414,19384114,2017-12-11 05:21:43,na,na
699,983866,b'Vakanivius...',b'20171117075411',414,19384115,2017-12-11 05:22:03,na,na
700,983866,b'Vakanivius...',b'20171117075411',414,19384117,2017-12-11 05:22:59,na,na
701,983866,b'Vakanivius...',b'20171117075411',414,19384119,2017-12-11 05:23:33,na,na
702,983866,b'Vakanivius...',b'20171117075411',414,19384120,2017-12-11 05:24:28,na,na
703,983866,b'Vakanivius...',b'20171117075411',414,19384127,2017-12-11 05:36:54,na,na
704,983866,b'Vakanivius...',b'20171117075411',414,19384183,2017-12-11 08:47:11,na,na
705,983866,b'Vakanivius...',b'20171117075411',414,19384184,2017-12-11 08:48:23,na,na
706,983868,b'Ruslancsg',b'20171117082507',1,19328576,2017-11-17 09:42:04,0.5171077338325538,0.7094390783760155
707,983872,b'EricBurdon',b'20171117085910',1,19328559,2017-11-17 09:00:39,0.33116485236132176,0.7600610725733931
708,983885,b'Ayxan velipro',b'20171117123623',1,19328697,2017-11-17 12:42:11,0.33224415039156624,0.6783722363148408
709,983918,b'Ferhat-ala\xc5\x9fehirli',b'20171117203833',2,19329476,2017-11-17 20:56:31,0.7052889280530427,0.5972560115751611
710,983918,b'Ferhat-ala\xc5\x9fehirli',b'20171117203833',2,19329500,2017-11-17 21:01:39,0.582300437190552,0.7802114477470251
711,983924,b'Sevvalkaraxx',b'20171117220332',1,19329621,2017-11-17 22:05:21,0.5495381346572722,0.5419339896885758
712,983928,b'Daniela Kloth',b'20171117230714',1,19579905,2018-03-06 20:36:19,0.3872604202225974,0.7000913571220937
713,983937,b'Ignazio Cannata',b'20171118051353',2,19679769,2018-04-29 06:35:33,0.811016489319722,0.2859336133493993
714,983937,b'Ignazio Cannata',b'20171118051353',2,19679811,2018-04-29 07:22:46,0.8361321797342554,0.2565614226598163
715,983959,b'Schiri68',b'20171118120803',1,19330423,2017-11-18 12:10:06,0.27996169322740455,0.7490215940342512
716,983964,b'Ersin Muhcu',b'20171118122621',1,19330483,2017-11-18 12:30:53,0.2957744008845485,0.7843696701154335
717,984001,b'Mozdogan',b'20171118193858',2,19335164,2017-11-18 19:43:42,0.5102471388357922,0.5356291949741476
718,984001,b'Mozdogan',b'20171118193858',2,19335247,2017-11-18 19:50:05,0.5173048677708985,0.4798598934358856
719,984004,b'Muhamed Thor',b'20171118195326',2,19335315,2017-11-18 20:13:47,0.7929033843727915,0.37684032787188915
720,984004,b'Muhamed Thor',b'20171118195326',2,19335958,2017-11-19 05:09:40,0.23215430460202083,0.7953326549824496
721,984029,b'JumboLife2007',b'20171118234459',2,19335780,2017-11-18 23:45:54,0.23775143071480703,0.8046969983746731
722,984029,b'JumboLife2007',b'20171118234459',2,19335781,2017-11-18 23:48:11,0.8115258173904873,0.43432067284866654
723,984031,b'CapitalPunishment88',b'20171118235255',2,19335806,2017-11-19 00:12:57,0.6964864390638237,0.2271439781085675
724,984031,b'CapitalPunishment88',b'20171118235255',2,19335850,2017-11-19 01:35:28,0.5950850983080059,0.5545618761425357
725,984059,b'Mehmud \xc3\x96calan',b'20171119112834',1,19337247,2017-11-19 11:29:14,0.6819236463821151,0.47710225689949015
726,984074,b'Atro S',b'20171119140402',4,19366058,2017-12-02 19:46:24,0.765894842789598,0.2238109048981265
727,984096,b'Ugrblc',b'20171119182842',1,19339625,2017-11-19 18:30:52,0.8280923744074179,0.2912552647281196
728,984097,b'Zonguldakl\xc4\xb1bilge',b'20171119191004',1,19344687,2017-11-22 15:31:02,0.8971011545250719,0.11498842346111632
729,984107,b'Mfatihgur',b'20171119211433',1,19341093,2017-11-19 21:16:16,0.22806051066956567,0.7986165091305223
730,984110,b'Brucointestino',b'20171119221159',1,19348651,2017-11-25 12:25:29,0.5857634710823767,0.48453775594553855
731,984119,b'Duaaakh',b'20171120004113',1,19341310,2017-11-20 00:54:20,0.4164453075150296,0.7059874590435515
732,984140,b'\xd0\x90\xd0\xb4\xd0\xb8\xd0\xbb\xd1\x8c\xd0\xb1\xd0\xb5\xd0\xba \xd0\x9a\xd0\xb0\xd0\xb7\xd1\x8b\xd1\x85\xd0\xb0\xd0\xbd\xd0\xbe\xd0\xb2',b'20171120084902',3,19341379,2017-11-20 08:49:18,0.576115855622294,0.46599121651966596
733,984140,b'\xd0\x90\xd0\xb4\xd0\xb8\xd0\xbb\xd1\x8c\xd0\xb1\xd0\xb5\xd0\xba \xd0\x9a\xd0\xb0\xd0\xb7\xd1\x8b\xd1\x85\xd0\xb0\xd0\xbd\xd0\xbe\xd0\xb2',b'20171120084902',3,19347930,2017-11-24 20:30:27,0.21361134586263805,0.8657834483831238
734,984140,b'\xd0\x90\xd0\xb4\xd0\xb8\xd0\xbb\xd1\x8c\xd0\xb1\xd0\xb5\xd0\xba \xd0\x9a\xd0\xb0\xd0\xb7\xd1\x8b\xd1\x85\xd0\xb0\xd0\xbd\xd0\xbe\xd0\xb2',b'20171120084902',3,19349980,2017-11-26 09:23:55,0.65927020151475,0.5092183499499205
735,984141,b'Queserasera1',b'20171120090207',2,19341386,2017-11-20 09:03:07,0.34454096081719554,0.7070201200872901
736,984141,b'Queserasera1',b'20171120090207',2,19341388,2017-11-20 09:03:30,0.3612113051854052,0.7234172496666822
737,984142,b'Tural26071983',b'20171120092042',2,19341396,2017-11-20 09:25:21,0.5220305377557619,0.6585574202837281
738,984142,b'Tural26071983',b'20171120092042',2,19357236,2017-11-29 07:43:14,0.6302371801201482,0.4668992658923222
739,984161,b'Aqil092',b'20171120150522',1,19341682,2017-11-20 15:06:08,0.26146795282983454,0.7787229510820634
740,984205,b'Atosugo',b'20171121025519',1,19342500,2017-11-21 03:07:08,0.6116497853664921,0.6650622272318147
741,984206,b'Layalmw',b'20171121042414',12,19395307,2017-12-16 02:23:52,0.34052248904282484,0.7274554609330731
742,984206,b'Layalmw',b'20171121042414',12,19410466,2017-12-24 06:28:11,0.6515115945996052,0.4962252802127985
743,984206,b'Layalmw',b'20171121042414',12,19410488,2017-12-24 07:54:46,0.8732529594061577,0.28895113841814174
744,984206,b'Layalmw',b'20171121042414',12,19410489,2017-12-24 07:58:00,0.9357647385965048,0.15752741709445386
745,984206,b'Layalmw',b'20171121042414',12,19410490,2017-12-24 08:00:03,0.8217609536347223,0.32422429146167236
746,984206,b'Layalmw',b'20171121042414',12,19410491,2017-12-24 08:04:36,na,na
747,984206,b'Layalmw',b'20171121042414',12,19410494,2017-12-24 08:05:27,na,na
748,984206,b'Layalmw',b'20171121042414',12,19410495,2017-12-24 08:05:54,na,na
749,984206,b'Layalmw',b'20171121042414',12,19417142,2017-12-27 23:51:50,na,na
750,984206,b'Layalmw',b'20171121042414',12,19429226,2018-01-01 05:12:24,na,na
751,984206,b'Layalmw',b'20171121042414',12,19429265,2018-01-01 05:27:56,na,na
752,984206,b'Layalmw',b'20171121042414',12,19429266,2018-01-01 05:29:50,na,na
753,984210,b'Fenafena',b'20171121065630',1,19342555,2017-11-21 06:58:27,0.32115282134791806,0.8377951329065458
754,984213,b'Cela Erkan Zorlu',b'20171121081905',1,19342646,2017-11-21 08:19:59,0.34544222775942757,0.6970727975465455
755,984220,b'Yasar1071',b'20171121105227',21,19485406,2018-01-25 09:45:11,0.6548092296663367,0.47413992325993276
756,984220,b'Yasar1071',b'20171121105227',21,19485805,2018-01-25 15:37:35,0.6938719169222369,0.4669987693413985
757,984220,b'Yasar1071',b'20171121105227',21,19485812,2018-01-25 15:46:32,0.27204879249396674,0.759419425241065
758,984220,b'Yasar1071',b'20171121105227',21,19485898,2018-01-25 17:13:15,0.3370974443880496,0.7446237702313604
759,984220,b'Yasar1071',b'20171121105227',21,19489183,2018-01-26 05:11:48,0.8091557767976155,0.2823996810063132
760,984220,b'Yasar1071',b'20171121105227',21,19489185,2018-01-26 05:15:37,na,na
761,984220,b'Yasar1071',b'20171121105227',21,19489191,2018-01-26 05:59:33,na,na
762,984220,b'Yasar1071',b'20171121105227',21,19489658,2018-01-26 15:57:44,na,na
763,984220,b'Yasar1071',b'20171121105227',21,19491355,2018-01-27 05:20:44,na,na
764,984220,b'Yasar1071',b'20171121105227',21,19491514,2018-01-27 09:45:25,na,na
765,984220,b'Yasar1071',b'20171121105227',21,19518243,2018-02-09 07:22:01,na,na
766,984220,b'Yasar1071',b'20171121105227',21,19622976,2018-03-22 18:04:06,na,na
767,984220,b'Yasar1071',b'20171121105227',21,19623032,2018-03-22 18:08:49,na,na
768,984220,b'Yasar1071',b'20171121105227',21,19623110,2018-03-22 18:15:14,na,na
769,984220,b'Yasar1071',b'20171121105227',21,19624543,2018-03-23 05:39:46,na,na
770,984220,b'Yasar1071',b'20171121105227',21,19624544,2018-03-23 05:42:58,na,na
771,984221,b'Tayfunameaj',b'20171121111026',1,19342821,2017-11-21 11:15:02,0.5685093362386435,0.5970794395360141
772,984254,b'KenanDadasov',b'20171121172932',32,19343127,2017-11-21 17:31:33,0.44912436868283623,0.6380005384409769
773,984254,b'KenanDadasov',b'20171121172932',32,19343135,2017-11-21 17:36:13,0.4996799788868308,0.6590678824282833
774,984254,b'KenanDadasov',b'20171121172932',32,19343237,2017-11-21 18:32:40,0.29433907705488566,0.694014334578728
775,984254,b'KenanDadasov',b'20171121172932',32,19343239,2017-11-21 18:34:39,0.416641540646536,0.7072124367661284
776,984254,b'KenanDadasov',b'20171121172932',32,19343241,2017-11-21 18:36:02,0.44667748725691125,0.7951653301946546
777,984254,b'KenanDadasov',b'20171121172932',32,19343242,2017-11-21 18:37:23,na,na
778,984254,b'KenanDadasov',b'20171121172932',32,19343252,2017-11-21 18:40:52,na,na
779,984254,b'KenanDadasov',b'20171121172932',32,19343257,2017-11-21 18:45:18,na,na
780,984254,b'KenanDadasov',b'20171121172932',32,19343262,2017-11-21 18:47:30,na,na
781,984254,b'KenanDadasov',b'20171121172932',32,19343264,2017-11-21 18:47:51,na,na
782,984254,b'KenanDadasov',b'20171121172932',32,19343278,2017-11-21 18:52:47,na,na
783,984254,b'KenanDadasov',b'20171121172932',32,19343280,2017-11-21 18:53:11,na,na
784,984254,b'KenanDadasov',b'20171121172932',32,19343286,2017-11-21 18:53:49,na,na
785,984254,b'KenanDadasov',b'20171121172932',32,19343289,2017-11-21 18:54:41,na,na
786,984254,b'KenanDadasov',b'20171121172932',32,19343314,2017-11-21 19:08:29,na,na
787,984254,b'KenanDadasov',b'20171121172932',32,19343318,2017-11-21 19:11:13,na,na
788,984254,b'KenanDadasov',b'20171121172932',32,19343325,2017-11-21 19:16:22,na,na
789,984254,b'KenanDadasov',b'20171121172932',32,19343326,2017-11-21 19:17:12,na,na
790,984254,b'KenanDadasov',b'20171121172932',32,19343327,2017-11-21 19:18:25,na,na
791,984254,b'KenanDadasov',b'20171121172932',32,19343328,2017-11-21 19:19:12,na,na
792,984254,b'KenanDadasov',b'20171121172932',32,19343329,2017-11-21 19:20:55,na,na
793,984254,b'KenanDadasov',b'20171121172932',32,19343330,2017-11-21 19:21:28,na,na
794,984254,b'KenanDadasov',b'20171121172932',32,19350918,2017-11-26 18:34:26,na,na
795,984254,b'KenanDadasov',b'20171121172932',32,19352124,2017-11-26 22:19:11,na,na
796,984254,b'KenanDadasov',b'20171121172932',32,19352129,2017-11-26 22:25:10,na,na
797,984254,b'KenanDadasov',b'20171121172932',32,19352131,2017-11-26 22:26:41,na,na
798,984254,b'KenanDadasov',b'20171121172932',32,19352132,2017-11-26 22:27:22,na,na
799,984254,b'KenanDadasov',b'20171121172932',32,19352135,2017-11-26 22:29:01,na,na
800,984254,b'KenanDadasov',b'20171121172932',32,19352143,2017-11-26 22:30:45,na,na
801,984254,b'KenanDadasov',b'20171121172932',32,19352154,2017-11-26 22:33:41,na,na
802,984254,b'KenanDadasov',b'20171121172932',32,19352161,2017-11-26 22:35:32,na,na
803,984260,b'Revan1245',b'20171121181427',3,19343227,2017-11-21 18:17:47,0.3764648632238006,0.7459029620762158
804,984260,b'Revan1245',b'20171121181427',3,19343230,2017-11-21 18:21:02,0.430392120325886,0.6480619282335743
805,984260,b'Revan1245',b'20171121181427',3,19343232,2017-11-21 18:24:34,0.650341984366833,0.45646113767586005
806,984292,b'KenanDadashov',b'20171122042947',4,19344312,2017-11-22 04:36:22,0.4960540675014093,0.7890845875366935
807,984292,b'KenanDadashov',b'20171122042947',4,19344313,2017-11-22 04:47:27,0.2803480454450187,0.8111135360034905
808,984292,b'KenanDadashov',b'20171122042947',4,19344314,2017-11-22 04:48:37,0.2808208024933948,0.8185760620693217
809,984292,b'KenanDadashov',b'20171122042947',4,19344322,2017-11-22 05:08:31,0.2059670342174739,0.856000818868759
810,984295,b'Lucagzar',b'20171122081552',1,19344461,2017-11-22 08:19:13,0.44636337743563914,0.7311218498742595
811,984296,b'Qkd',b'20171122091717',1,19344508,2017-11-22 09:18:02,0.581388923854284,0.5847390228576318
812,984316,b'Fufuduk',b'20171122131835',4,19344603,2017-11-22 13:22:03,0.19036965200084502,0.8261154204758624
813,984316,b'Fufuduk',b'20171122131835',4,19716907,2018-05-21 17:50:29,0.9918025840359609,0.010522060294231155
814,984316,b'Fufuduk',b'20171122131835',4,19724815,2018-05-25 10:48:49,0.8202672287489909,0.14862410346506852
815,984316,b'Fufuduk',b'20171122131835',4,19724817,2018-05-25 10:50:05,0.7600851496046621,0.2485630388286056
816,984323,b'F\xc9\x99rid X\xc9\x99lilli',b'20171122144627',3,19344677,2017-11-22 15:16:09,0.4828999324944427,0.6728167591637383
817,984323,b'F\xc9\x99rid X\xc9\x99lilli',b'20171122144627',3,19344685,2017-11-22 15:27:56,0.9828653450487019,0.03802824258723407
818,984323,b'F\xc9\x99rid X\xc9\x99lilli',b'20171122144627',3,19344690,2017-11-22 15:33:04,0.39789362914480914,0.6703722017488325
819,984331,b'MADD 66HD',b'20171122165607',1,19344877,2017-11-22 16:58:14,0.27613206886317154,0.7910436909692451
820,984353,b'Vlydnnn',b'20171122210059',1,19345273,2017-11-22 21:04:58,0.7345744099572449,0.4407901466432751
821,984389,b'Chabyh',b'20171123103819',1,19345936,2017-11-23 10:40:12,0.6663079219604269,0.4868071803322803
822,984403,"b'Mr,p bal\xc3\xa7i'",b'20171123132138',4,19436638,2018-01-06 04:57:20,0.3184555775023981,0.7648403689910538
823,984403,"b'Mr,p bal\xc3\xa7i'",b'20171123132138',4,19447291,2018-01-10 16:48:46,0.6150582682347372,0.47882831554796446
824,984403,"b'Mr,p bal\xc3\xa7i'",b'20171123132138',4,19447299,2018-01-10 16:50:45,0.5332825187762813,0.604776046788595
825,984442,b'Cvrmn',b'20171123230616',27,19346867,2017-11-23 23:19:57,0.8546918085633332,0.21345365395081176
826,984442,b'Cvrmn',b'20171123230616',27,19346871,2017-11-23 23:22:05,0.6873481362489403,0.4134889162539178
827,984442,b'Cvrmn',b'20171123230616',27,19359016,2017-11-29 23:03:06,0.7346522018829051,0.38198744003823815
828,984442,b'Cvrmn',b'20171123230616',27,19359017,2017-11-29 23:03:28,0.7987130465074366,0.29999819742273237
829,984442,b'Cvrmn',b'20171123230616',27,19359018,2017-11-29 23:03:43,0.8015072475424896,0.30165797282310425
830,984442,b'Cvrmn',b'20171123230616',27,19359022,2017-11-29 23:07:10,na,na
831,984442,b'Cvrmn',b'20171123230616',27,19359026,2017-11-29 23:09:50,na,na
832,984442,b'Cvrmn',b'20171123230616',27,19359037,2017-11-29 23:16:25,na,na
833,984442,b'Cvrmn',b'20171123230616',27,19359043,2017-11-29 23:29:07,na,na
834,984442,b'Cvrmn',b'20171123230616',27,19359048,2017-11-29 23:32:39,na,na
835,984442,b'Cvrmn',b'20171123230616',27,19366801,2017-12-03 12:06:00,na,na
836,984442,b'Cvrmn',b'20171123230616',27,19366819,2017-12-03 12:08:40,na,na
837,984442,b'Cvrmn',b'20171123230616',27,19366820,2017-12-03 12:08:51,na,na
838,984442,b'Cvrmn',b'20171123230616',27,19366822,2017-12-03 12:09:21,na,na
839,984442,b'Cvrmn',b'20171123230616',27,19366825,2017-12-03 12:10:45,na,na
840,984442,b'Cvrmn',b'20171123230616',27,19366834,2017-12-03 12:12:22,na,na
841,984442,b'Cvrmn',b'20171123230616',27,19366836,2017-12-03 12:13:08,na,na
842,984442,b'Cvrmn',b'20171123230616',27,19366869,2017-12-03 12:24:15,na,na
843,984442,b'Cvrmn',b'20171123230616',27,19368351,2017-12-04 11:35:25,na,na
844,984442,b'Cvrmn',b'20171123230616',27,19368353,2017-12-04 11:38:11,na,na
845,984442,b'Cvrmn',b'20171123230616',27,19368354,2017-12-04 11:38:26,na,na
846,984442,b'Cvrmn',b'20171123230616',27,19368356,2017-12-04 11:39:13,na,na
847,984442,b'Cvrmn',b'20171123230616',27,19368357,2017-12-04 11:39:40,na,na
848,984442,b'Cvrmn',b'20171123230616',27,19368360,2017-12-04 11:40:23,na,na
849,984455,b'Jeromi Mikhael',b'20171124081530',2,19669713,2018-04-20 07:33:09,0.550725861243334,0.634832906170022
850,984455,b'Jeromi Mikhael',b'20171124081530',2,19678849,2018-04-28 09:15:08,0.8516711700820266,0.3986446275875221
851,984484,b'Niyoklopedi',b'20171124183617',3,19347598,2017-11-24 18:39:32,0.7768968285920674,0.37000891096130706
852,984484,b'Niyoklopedi',b'20171124183617',3,19347610,2017-11-24 18:58:28,0.7685495140669362,0.2703216402071474
853,984484,b'Niyoklopedi',b'20171124183617',3,19347611,2017-11-24 18:59:33,0.5555508633952597,0.5566355479030033
854,984544,b'Defencepost',b'20171125141319',1,19348809,2017-11-25 14:20:16,0.5749451829745492,0.5686260784408232
855,984557,b'Soydaner',b'20171125172414',12,19631607,2018-03-26 07:56:38,0.8048992361014664,0.36366319641360717
856,984557,b'Soydaner',b'20171125172414',12,19631614,2018-03-26 07:57:50,0.8733958910825808,0.2952391130541138
857,984557,b'Soydaner',b'20171125172414',12,19633210,2018-03-27 14:12:18,0.766425427048104,0.36677065388906166
858,984557,b'Soydaner',b'20171125172414',12,19633212,2018-03-27 14:14:59,0.6980232128156926,0.4788804347553792
859,984557,b'Soydaner',b'20171125172414',12,19633213,2018-03-27 14:18:15,0.4060375854088112,0.7117317482269523
860,984557,b'Soydaner',b'20171125172414',12,19662703,2018-04-14 10:12:00,na,na
861,984557,b'Soydaner',b'20171125172414',12,19662708,2018-04-14 10:13:00,na,na
862,984557,b'Soydaner',b'20171125172414',12,19662728,2018-04-14 10:22:20,na,na
863,984557,b'Soydaner',b'20171125172414',12,19662736,2018-04-14 10:27:41,na,na
864,984557,b'Soydaner',b'20171125172414',12,19667053,2018-04-17 21:59:50,na,na
865,984557,b'Soydaner',b'20171125172414',12,19667056,2018-04-17 22:01:01,na,na
866,984557,b'Soydaner',b'20171125172414',12,19667057,2018-04-17 22:02:07,na,na
867,984566,b'Ramin Bebirli',b'20171125180407',3,19349035,2017-11-25 18:07:16,0.40289134131862986,0.7034497215178036
868,984597,b'LeylaMELEK',b'20171125231518',5,19349809,2017-11-25 23:19:10,0.47426381494685665,0.630537401288047
869,984597,b'LeylaMELEK',b'20171125231518',5,19349813,2017-11-25 23:27:16,0.4181083074367457,0.6719002120038134
870,984597,b'LeylaMELEK',b'20171125231518',5,19349820,2017-11-25 23:54:24,0.4777268059301499,0.6305939455997831
871,984597,b'LeylaMELEK',b'20171125231518',5,19349828,2017-11-26 00:11:05,0.5934950670716946,0.582434390656396
872,984597,b'LeylaMELEK',b'20171125231518',5,19349836,2017-11-26 00:23:07,0.4569494807266485,0.67921509901441
873,984601,b'Loloo131',b'20171126001654',1,19349856,2017-11-26 02:10:04,0.39899210411259917,0.6956836725562383
874,984602,b'Emre Ersoy',b'20171126002352',1,19349841,2017-11-26 00:28:58,0.6081513572107289,0.6007637584514954
875,984606,b'RomanKrylyshyn',b'20171126014119',1,19349850,2017-11-26 01:44:03,0.6476974612355845,0.5454790796870486
876,984609,b'\xc3\x96nT\xc3\xbcrk',b'20171126022211',5,19349859,2017-11-26 02:35:08,0.9311238843226647,0.15866763969767306
877,984609,b'\xc3\x96nT\xc3\xbcrk',b'20171126022211',5,19349860,2017-11-26 02:44:42,0.43123353700579736,0.7250230337376226
878,984609,b'\xc3\x96nT\xc3\xbcrk',b'20171126022211',5,19349861,2017-11-26 02:46:05,0.3391953411909408,0.7473730154055234
879,984609,b'\xc3\x96nT\xc3\xbcrk',b'20171126022211',5,19349862,2017-11-26 02:50:29,0.3447907562701486,0.778103508025356
880,984609,b'\xc3\x96nT\xc3\xbcrk',b'20171126022211',5,19349865,2017-11-26 02:59:11,0.28587079619619965,0.8259806156123778
881,984617,b'VictiniLikeWaffles',b'20171126045627',2,19349883,2017-11-26 04:58:18,0.5759162876404199,0.5080799178258061
882,984617,b'VictiniLikeWaffles',b'20171126045627',2,19349884,2017-11-26 04:59:12,0.3791752304486768,0.7137409450017868
883,984622,b'ArsenalAtletico2017',b'20171126055029',1,19471224,2018-01-19 17:33:13,0.39168057238085563,0.6787633815526846
884,984646,b'Seyretcizgifilmlerr',b'20171126124513',4,19350167,2017-11-26 12:51:08,0.3567073380654333,0.45824420390963205
885,984646,b'Seyretcizgifilmlerr',b'20171126124513',4,19350172,2017-11-26 12:53:31,0.33203730215884375,0.5107534053267737
886,984646,b'Seyretcizgifilmlerr',b'20171126124513',4,19350174,2017-11-26 12:54:36,0.3647142230634605,0.48688268221978315
887,984646,b'Seyretcizgifilmlerr',b'20171126124513',4,19350183,2017-11-26 13:03:05,0.5885043326237015,0.4006991046925215
888,984649,b'\xc4\xb0dil2004',b'20171126125239',1,19445266,2018-01-09 17:01:06,0.6009087434319307,0.5775096011303102
889,984680,b'Spartusyeol',b'20171126174700',1,19350835,2017-11-26 17:49:18,0.4718172236829336,0.5550580666632461
890,984707,b'Furkan Enes G\xc3\xbcner',b'20171127000220',1,19352254,2017-11-27 00:19:38,0.8210590267909106,0.3464053418979292
891,984720,b'GregorBungensheim',b'20171127074202',1,19434306,2018-01-04 07:12:43,0.9908193820735887,0.00759587268605903
892,984752,b'Eldar Imanzade',b'20171127165523',1,19353042,2017-11-27 17:07:44,0.401862934868204,0.7090172955179078
893,984755,b'Alexhamiltonefe',b'20171127171820',1,19353122,2017-11-27 17:32:46,0.13230794771153045,0.8916772207949548
894,984785,b'Science&V\xc3\xa9rit\xc3\xa9',b'20171127211420',1,19353807,2017-11-27 21:20:34,0.725759120717744,0.5143814586594931
895,984786,b'David-A123Belgium',b'20171127211457',2,19489036,2018-01-26 00:49:35,0.7467487973056881,0.4154842826243262
896,984786,b'David-A123Belgium',b'20171127211457',2,19489064,2018-01-26 00:58:18,0.8899489767610592,0.1569496383568068
897,984794,b'Bukalemuncuneyt',b'20171127232814',1,19354295,2017-11-27 23:40:12,0.36015295790133534,0.6266901894895411
898,984818,b'B\xc3\xbcy\xc3\xbck\xc3\xa7ekmece Belediyesi',b'20171128083950',7,19355655,2017-11-28 11:59:19,0.36623595393074143,0.803378911415611
899,984826,b'Zaminsee',b'20171128101938',25,19688905,2018-05-06 12:26:21,0.9459811807819274,0.12223776840300962
900,984826,b'Zaminsee',b'20171128101938',25,19688909,2018-05-06 12:29:15,0.832483172156335,0.23878386263610607
901,984826,b'Zaminsee',b'20171128101938',25,19689004,2018-05-06 14:47:35,0.9794165720044136,0.029495540446632128
902,984826,b'Zaminsee',b'20171128101938',25,19689005,2018-05-06 14:48:16,0.7859736334727032,0.3575675375029629
903,984826,b'Zaminsee',b'20171128101938',25,19689007,2018-05-06 14:48:36,0.7864864243838037,0.3515759876929522
904,984826,b'Zaminsee',b'20171128101938',25,19689008,2018-05-06 14:49:00,na,na
905,984826,b'Zaminsee',b'20171128101938',25,19689009,2018-05-06 14:50:01,na,na
906,984826,b'Zaminsee',b'20171128101938',25,19689010,2018-05-06 14:51:16,na,na
907,984826,b'Zaminsee',b'20171128101938',25,19689012,2018-05-06 14:52:39,na,na
908,984826,b'Zaminsee',b'20171128101938',25,19689013,2018-05-06 14:54:07,na,na
909,984826,b'Zaminsee',b'20171128101938',25,19689917,2018-05-06 20:18:43,na,na
910,984826,b'Zaminsee',b'20171128101938',25,19690442,2018-05-07 07:05:35,na,na
911,984826,b'Zaminsee',b'20171128101938',25,19690443,2018-05-07 07:07:14,na,na
912,984826,b'Zaminsee',b'20171128101938',25,19690445,2018-05-07 07:07:49,na,na
913,984826,b'Zaminsee',b'20171128101938',25,19690553,2018-05-07 09:15:16,na,na
914,984826,b'Zaminsee',b'20171128101938',25,19690555,2018-05-07 09:17:29,na,na
915,984826,b'Zaminsee',b'20171128101938',25,19690559,2018-05-07 09:21:49,na,na
916,984826,b'Zaminsee',b'20171128101938',25,19690563,2018-05-07 09:24:43,na,na
917,984826,b'Zaminsee',b'20171128101938',25,19690565,2018-05-07 09:25:45,na,na
918,984826,b'Zaminsee',b'20171128101938',25,19690748,2018-05-07 12:39:53,na,na
919,984826,b'Zaminsee',b'20171128101938',25,19690758,2018-05-07 12:46:08,na,na
920,984826,b'Zaminsee',b'20171128101938',25,19690765,2018-05-07 12:50:14,na,na
921,984826,b'Zaminsee',b'20171128101938',25,19690769,2018-05-07 12:51:09,na,na
922,984826,b'Zaminsee',b'20171128101938',25,19708733,2018-05-14 20:42:04,na,na
923,984826,b'Zaminsee',b'20171128101938',25,19711789,2018-05-17 11:53:51,na,na
924,984828,b'Vixen1907',b'20171128102356',1,19355598,2017-11-28 10:26:01,0.566286148116335,0.6260614607016536
925,984852,b'2100 Keikyu',b'20171128150301',1,19355865,2017-11-28 15:03:26,0.5760292219612217,0.6180455337665045
926,984870,b'F3324',b'20171128174501',1,19356055,2017-11-28 17:58:51,0.9890798529329612,0.011008818550471908
927,984877,b'Mim.nasuhi',b'20171128182059',8,19356100,2017-11-28 18:37:20,0.41865313869411697,0.6293127873839308
928,984877,b'Mim.nasuhi',b'20171128182059',8,19387984,2017-12-12 17:42:02,0.45475475571521945,0.5290374463785164
929,984877,b'Mim.nasuhi',b'20171128182059',8,19401059,2017-12-17 21:19:42,0.38770394225856963,0.7082977459776378
930,984877,b'Mim.nasuhi',b'20171128182059',8,19405441,2017-12-21 18:23:26,0.6128331995048801,0.49815884678192696
931,984877,b'Mim.nasuhi',b'20171128182059',8,19405466,2017-12-21 18:45:01,0.38862129853813926,0.7082977459776378
932,984877,b'Mim.nasuhi',b'20171128182059',8,19408686,2017-12-23 15:01:41,na,na
933,984877,b'Mim.nasuhi',b'20171128182059',8,19408875,2017-12-23 16:24:37,na,na
934,984877,b'Mim.nasuhi',b'20171128182059',8,19408974,2017-12-23 18:09:07,na,na
935,984944,b'Gheisari',b'20171129125220',1,19357510,2017-11-29 13:28:08,0.3925967970104664,0.709248605494769
936,984946,b'CemileAkoglu',b'20171129131148',1,19357498,2017-11-29 13:15:15,0.5722375470495362,0.5763865543232386
937,984975,b'Krkpr',b'20171129182638',1,19357799,2017-11-29 18:26:58,0.5999727946939135,0.474032304263558
938,984992,b'Nisa kpop',b'20171129215700',1,19358686,2017-11-29 21:58:39,0.2554942869072918,0.7960583246867159
939,984996,b'I5522210',b'20171130000413',1,19359078,2017-11-30 00:19:21,0.46404587118428614,0.6566259914828875
940,985008,b'Serap 2000',b'20171130061601',2,19359451,2017-11-30 08:15:00,0.7770221798589086,0.3050149932253021
941,985008,b'Serap 2000',b'20171130061601',2,19359457,2017-11-30 08:29:30,0.38771198539154905,0.6747012223109263
942,985022,b'Caner Erkin',b'20171130111041',1,19359587,2017-11-30 11:19:19,0.2642267563065589,0.7275272284572953
943,985049,b'A.ahmt',b'20171130170553',23,19434850,2018-01-04 17:59:46,0.42640839250016715,0.6671959250409274
944,985049,b'A.ahmt',b'20171130170553',23,19434854,2018-01-04 18:02:55,0.4601416092749089,0.6488482778494061
945,985049,b'A.ahmt',b'20171130170553',23,19434862,2018-01-04 18:08:52,0.6611581324685176,0.46647102949462355
946,985049,b'A.ahmt',b'20171130170553',23,19434865,2018-01-04 18:10:24,0.7837486229227564,0.28523312161921965
947,985049,b'A.ahmt',b'20171130170553',23,19434934,2018-01-04 19:05:32,0.9668072797225187,0.05054763413521466
948,985049,b'A.ahmt',b'20171130170553',23,19434943,2018-01-04 19:20:47,na,na
949,985049,b'A.ahmt',b'20171130170553',23,19434947,2018-01-04 19:21:18,na,na
950,985049,b'A.ahmt',b'20171130170553',23,19435019,2018-01-04 20:34:57,na,na
951,985049,b'A.ahmt',b'20171130170553',23,19435026,2018-01-04 20:36:14,na,na
952,985049,b'A.ahmt',b'20171130170553',23,19435037,2018-01-04 20:38:40,na,na
953,985049,b'A.ahmt',b'20171130170553',23,19435205,2018-01-04 21:01:02,na,na
954,985049,b'A.ahmt',b'20171130170553',23,19435206,2018-01-04 21:02:33,na,na
955,985049,b'A.ahmt',b'20171130170553',23,19435305,2018-01-04 21:12:51,na,na
956,985049,b'A.ahmt',b'20171130170553',23,19435355,2018-01-04 21:18:13,na,na
957,985049,b'A.ahmt',b'20171130170553',23,19435363,2018-01-04 21:19:01,na,na
958,985049,b'A.ahmt',b'20171130170553',23,19435471,2018-01-04 21:29:22,na,na
959,985049,b'A.ahmt',b'20171130170553',23,19435733,2018-01-05 00:44:11,na,na
960,985049,b'A.ahmt',b'20171130170553',23,19435739,2018-01-05 01:05:11,na,na
961,985049,b'A.ahmt',b'20171130170553',23,19435750,2018-01-05 01:49:44,na,na
962,985049,b'A.ahmt',b'20171130170553',23,19435751,2018-01-05 01:52:11,na,na
963,985049,b'A.ahmt',b'20171130170553',23,19435755,2018-01-05 02:16:32,na,na
964,985049,b'A.ahmt',b'20171130170553',23,19435756,2018-01-05 02:20:32,na,na
965,985049,b'A.ahmt',b'20171130170553',23,19435757,2018-01-05 02:25:04,na,na
