,id,name,edits,user registration
0,1000535,1. Amadoni,1,2018-05-07T23:01:50Z
1,1001686,2QM,2,2018-05-22T01:51:44Z
2,999497,Abdurrahman Arıkan,1,2018-04-25T15:34:41Z
3,1001648,Agah beyoğlu,17,2018-05-21T17:03:41Z
4,999280,Ahmad4kurdi,15,2018-04-23T09:40:07Z
5,999694,Ahmed Emre,2,2018-04-28T05:18:09Z
6,999764,Aimen15,2,2018-04-28T18:31:24Z
7,1001519,Akamenid,6,2018-05-19T20:44:19Z
8,999367,Aklibasindasarisin,7,2018-04-24T09:49:42Z
9,1001220,Akytechnology33,7,2018-05-16T12:40:58Z
10,1000433,Al oamsiy,1,2018-05-06T16:55:28Z
11,1001133,AlNa6154,3,2018-05-15T08:24:00Z
12,1000827,Albert Xila,1,2018-05-11T14:06:05Z
13,999969,AlexandreFiguraBa,2,2018-05-01T10:02:28Z
14,1001781,Ali Haydar 5,1,2018-05-23T09:06:50Z
15,1001110,Ali Haydar 90-60-90,3,2018-05-14T22:15:50Z
16,1001089,Ali Haydar Küflü Kaşarı,1,2018-05-14T19:18:21Z
17,1000957,Ali Haydar'ın Köpekliği,1,2018-05-13T05:07:09Z
18,1001235,Ali art alievi,2,2018-05-16T15:52:26Z
19,999376,Allli ilkin,1,2018-04-24T11:46:07Z
20,999849,Anemikk,1,2018-04-29T19:08:07Z
21,999631,Angola Ruas,1,2018-04-27T12:04:21Z
22,999375,AnnaKim1,1,2018-04-24T11:36:05Z
23,1000322,Apolasss,2,2018-05-05T11:40:27Z
24,999349,Araştırmacı1995,2,2018-04-24T06:04:08Z
25,1000353,Atakanokur,4,2018-05-05T18:24:33Z
26,1000499,Atcc00,3,2018-05-07T12:47:16Z
27,1001707,Augustinus-Turk,1,2018-05-22T11:56:14Z
28,1000832,Aydin Heyderov,1,2018-05-11T15:37:59Z
29,1001151,Aydınlıkdünyası,5,2018-05-15T12:12:03Z
30,1001633,Aytacaksoy,2,2018-05-21T14:16:22Z
31,999622,BAFF ELECTRONICS TURKEY,3,2018-04-27T10:39:56Z
32,999751,Badr88,3,2018-04-28T16:15:29Z
33,1000907,Bahij Virtual Academy,1,2018-05-12T16:25:16Z
34,1001334,Besland,3,2018-05-17T20:06:29Z
35,999893,Besonnen,2,2018-04-30T12:13:12Z
36,1001750,Birtarihci,1,2018-05-22T20:43:37Z
37,999528,Braulios NY,1,2018-04-26T00:05:28Z
38,1000093,Bubba Desilijic Hillare,5,2018-05-02T16:55:13Z
39,999841,Burakkara1008,1,2018-04-29T18:38:49Z
40,1001419,Buzsuarıtma,14,2018-05-18T20:57:18Z
41,1000562,Buğra Özbek,1,2018-05-08T11:39:30Z
42,1001413,Byturk7,1,2018-05-18T19:24:25Z
43,1001037,Cabiri Amadeu Madezyma,2,2018-05-14T07:22:40Z
44,1001597,Cebrencakir,1,2018-05-20T21:35:37Z
45,1001066,Cemmd,1,2018-05-14T14:13:39Z
46,1001515,Ceyhun7,2,2018-05-19T20:06:08Z
47,1000932,Chiefclerk,1,2018-05-12T21:14:14Z
48,1000859,Chizzus2,3,2018-05-11T23:01:29Z
49,999873,Chzkrf,2,2018-04-30T06:23:22Z
50,999579,ColorizePhotoOfIran,1,2018-04-26T16:27:26Z
51,1000512,CrazyboyKL,2,2018-05-07T17:19:28Z
52,999593,Cristo News,4,2018-04-26T20:39:27Z
53,1000301,Csmedya,4,2018-05-05T03:43:20Z
54,999481,Cullen578,4,2018-04-25T11:16:29Z
55,999498,CyprusMappers,1,2018-04-25T15:42:40Z
56,1000659,Dadudu1111,1,2018-05-09T14:00:51Z
57,1001508,Daky Egbert,1,2018-05-19T18:06:08Z
58,1000850,David Johnn Whilson,1,2018-05-11T21:08:27Z
59,999677,Deni Musik,3,2018-04-27T21:26:50Z
60,999348,Denver the last Dinosaur,6,2018-04-24T05:57:11Z
61,999422,Denver the last Dinosaur 2,4,2018-04-24T19:04:27Z
62,1000963,Derviskosen,1,2018-05-13T07:38:22Z
63,1001653,Desidesidesidesi,9,2018-05-21T17:43:48Z
64,999857,Diltemiz,1,2018-04-29T20:24:28Z
65,1000124,Divansalarani9,1,2018-05-03T02:55:33Z
66,1001237,Dividagency,1,2018-05-16T15:56:31Z
67,1001751,Dixmaz,1,2018-05-22T21:16:05Z
68,1000252,Duda34r,2,2018-05-04T15:41:46Z
69,999502,Dufko,1,2018-04-25T16:37:19Z
70,999992,E.gh64,2,2018-05-01T14:06:25Z
71,1000399,Ebruligundes,2,2018-05-06T07:14:14Z
72,1000066,Elmakurusu,1,2018-05-02T12:20:09Z
73,1001374,Elsacannon,1,2018-05-18T09:21:15Z
74,1000547,Eminatli,1,2018-05-08T07:01:39Z
75,999807,Emirpedist,2,2018-04-29T11:13:41Z
76,999509,Emrah Babayevv,1,2018-04-25T18:30:18Z
77,1001342,En historiker,1,2018-05-17T22:23:08Z
78,1000187,Eren956,2,2018-05-03T19:16:33Z
79,999839,Erolgun08,2,2018-04-29T17:48:15Z
80,1000095,Esadozk,1,2018-05-02T18:05:16Z
81,1001041,Eskimiş Kaşar Bizim Yaşar,4,2018-05-14T09:29:56Z
82,999879,Esocraton,7,2018-04-30T07:43:56Z
83,1001035,Fatimə Abbaszadə,1,2018-05-14T07:11:58Z
84,1001141,Fetrhlenr,1,2018-05-15T10:29:02Z
85,1000765,FilastinMotorCycle,2,2018-05-10T18:22:11Z
86,999958,Firatakgunx,4,2018-05-01T07:35:32Z
87,1000495,Friedricheins,2,2018-05-07T12:08:43Z
88,1000904,Gaura79,2,2018-05-12T16:00:08Z
89,1001644,Gentlemen03,5,2018-05-21T16:29:40Z
90,1000029,George Black 5,1,2018-05-02T00:04:24Z
91,1000289,Glezia,1,2018-05-04T22:04:37Z
92,1000325,Globo on,1,2018-05-05T12:33:07Z
93,1000242,Goldtean,1,2018-05-04T12:54:28Z
94,1001476,Graptik,2,2018-05-19T11:49:02Z
95,1001315,Gurbuz ismail,1,2018-05-17T14:20:52Z
96,1001783,Güllütopuz,1,2018-05-23T09:29:09Z
97,1000416,Gülten Ağrıtmış,2,2018-05-06T12:24:03Z
98,1000218,Hajizadehn,1,2018-05-04T06:55:27Z
99,1000830,Hakan Bezgi,1,2018-05-11T14:32:00Z
100,1001569,Hakanakkgul,1,2018-05-20T13:22:14Z
101,1001207,Hasanyilar,2,2018-05-16T08:08:15Z
102,1000655,Hdhdhdjdjfjxkzkks,1,2018-05-09T13:33:41Z
103,1001147,Helbert uells,5,2018-05-15T11:27:37Z
104,999697,Hepyalanbunlar,1,2018-04-28T06:03:21Z
105,1001775,Hindio amad,1,2018-05-23T06:23:12Z
106,1000442,Holasoynachito,1,2018-05-06T18:07:29Z
107,1001705,Hollowdalton,1,2018-05-22T11:37:57Z
108,1001537,Horangi1577,1,2018-05-20T04:59:03Z
109,1000480,Horst Gräbner onaniert beim Scheissen!,1,2018-05-07T08:58:54Z
110,1001500,Huseyin A. Simsek,2,2018-05-19T15:37:17Z
111,1001795,Hüseynn bayramlı,1,2018-05-23T11:20:05Z
112,1001024,IV. Kel Mahmut efendi Hazretleri,5,2018-05-14T04:10:09Z
113,999957,IcePollux,1,2018-05-01T07:12:21Z
114,999903,Ilya Mauter,1,2018-04-30T14:47:54Z
115,1001591,Inearykelt,1,2018-05-20T18:02:51Z
116,999427,JiriMatejicek,3,2018-04-24T19:52:16Z
117,1000324,"Joanna""News",1,2018-05-05T12:27:03Z
118,1000380,Joyoustur,4,2018-05-05T23:41:58Z
119,1001038,Karavolkan77,1,2018-05-14T07:24:54Z
120,999388,Karlheinz00710,1,2018-04-24T13:37:56Z
121,1000684,Kemalistharekat,2,2018-05-09T18:52:10Z
122,1001720,Kerimberk0,3,2018-05-22T14:43:25Z
123,1000160,KulardisOmar,3,2018-05-03T14:13:49Z
124,999530,Lagardasdeget,5,2018-04-26T02:42:33Z
125,1001418,Lelytoc,1,2018-05-18T20:48:56Z
126,999641,Liaqat yosufi,2,2018-04-27T13:56:09Z
127,999330,Lindadrinnyealexandre,2,2018-04-23T21:09:33Z
128,999920,Lmagemaker,2,2018-04-30T18:40:12Z
129,999683,Lucarubis,3,2018-04-27T22:25:31Z
130,1000143,M Cavidan,3,2018-05-03T09:18:50Z
131,1000037,Madrid Vicenteh,1,2018-05-02T05:20:28Z
132,1000594,Mafyababası,18,2018-05-08T17:36:15Z
133,999633,Mango Musik,1,2018-04-27T12:35:04Z
134,999675,MarziaFilippo-itwiki,1,2018-04-27T21:17:59Z
135,1001430,Mdennz,1,2018-05-18T23:57:29Z
136,999535,Mercanvillas,1,2018-04-26T06:28:28Z
137,1000073,Mercury News 1,1,2018-05-02T12:53:50Z
138,1000068,Metropolis123456789,9,2018-05-02T12:27:37Z
139,999662,Michael Roberto 10,1,2018-04-27T17:55:02Z
140,999412,Milkatherine,1,2018-04-24T16:44:54Z
141,1000595,Mirascı,13,2018-05-08T17:37:20Z
142,1001043,Miroyev,1,2018-05-14T09:46:57Z
143,999395,Miryasin Seyidov,1,2018-04-24T14:14:16Z
144,1000711,MithrandirMage,1,2018-05-10T04:50:57Z
145,1001630,Mkv33,2,2018-05-21T13:41:16Z
146,1001259,Moli Balığı,1,2018-05-16T20:30:30Z
147,1001727,Muzafer222,1,2018-05-22T16:14:26Z
148,1001318,Nel07,1,2018-05-17T16:01:38Z
149,999730,Nelasta News,5,2018-04-28T13:35:46Z
150,999978,Nelasta Pro,1,2018-05-01T11:52:49Z
151,999471,NeoTchaikov,1,2018-04-25T08:42:31Z
152,999635,Nesialtaras,1,2018-04-27T12:40:48Z
153,1001499,Nulel,2,2018-05-19T15:25:17Z
154,1001281,Oguzhan Isik,1,2018-05-17T05:09:50Z
155,1001771,Ogzcnsrtç,1,2018-05-23T05:03:11Z
156,1000620,Olkanbey,1,2018-05-08T22:42:24Z
157,1000017,Oque você Me Fez,2,2018-05-01T20:54:26Z
158,1000332,Ozanyetgin,1,2018-05-05T14:21:45Z
159,999384,Ozgeyoldayimcunku,1,2018-04-24T13:16:34Z
160,999537,Parcaplus,2,2018-04-26T07:05:34Z
161,1001679,Picte,2,2018-05-21T23:33:16Z
162,999377,Pogcrjgddh,3,2018-04-24T11:48:08Z
163,999514,"Prof. Dr. Dr. Ümit Yazıcıoğlu, Mag",1,2018-04-25T19:44:44Z
164,1001094,Pystong,4,2018-05-14T20:03:36Z
165,1000818,Qemrad,3,2018-05-11T13:07:45Z
166,999595,Quilson Baptista,1,2018-04-26T21:04:17Z
167,1000772,RdglobalTurkey,2,2018-05-10T19:39:06Z
168,1001474,Resad mekhdiev magomedivic,1,2018-05-19T11:28:08Z
169,1001180,RiserHD,1,2018-05-15T18:15:24Z
170,999769,Rocky22222,1,2018-04-28T19:30:18Z
171,1000420,Rufet Ismayil,1,2018-05-06T12:45:48Z
172,1000459,Rushslews,2,2018-05-07T00:09:26Z
173,1001667,S Group Coop,1,2018-05-21T19:24:38Z
174,1001108,Sachaalamire,4,2018-05-14T22:09:05Z
175,1000714,Sacmpay,1,2018-05-10T05:50:52Z
176,1000100,Sakir helexi,1,2018-05-02T19:09:44Z
177,999976,Samsungapple,2,2018-05-01T11:37:37Z
178,1001262,Sanemengin,6,2018-05-16T20:46:05Z
179,999381,Sasha Kanskyi,1,2018-04-24T12:44:53Z
180,1000245,Scetinkaya,5,2018-05-04T14:36:36Z
181,1001429,SemihPK,2,2018-05-18T23:47:18Z
182,1000606,Serkanisht,1,2018-05-08T20:14:31Z
183,999369,Siem Reap City Guide,1,2018-04-24T09:55:56Z
184,1001001,SinanKarakuş07,1,2018-05-13T17:41:41Z
185,999596,Slhmnsr,2,2018-04-26T21:26:30Z
186,1001651,Snntz,24,2018-05-21T17:11:48Z
187,1001639,System4242,3,2018-05-21T15:35:42Z
188,1001310,T-X Copter,4,2018-05-17T12:34:50Z
189,1001548,T-X Copter 2,3,2018-05-20T07:39:41Z
190,1001548,T-X Copter 2,3,2018-05-20T07:39:41Z
191,1001596,T-X Copter 3,1,2018-05-20T21:28:40Z
192,1001604,T-X Copter 4,1,2018-05-20T23:58:49Z
193,999450,Tacanka122,6,2018-04-24T23:19:14Z
194,999564,Talip SANCAR,2,2018-04-26T14:23:20Z
195,1000959,Tarim116,1,2018-05-13T05:19:16Z
196,1000521,TheLostChara,1,2018-05-07T19:25:12Z
197,1001743,Tofiq Rzayev,1,2018-05-22T19:16:10Z
198,1001475,Trt20001,4,2018-05-19T11:32:18Z
199,1000861,Tugrahanbey,1,2018-05-11T23:06:17Z
200,1001131,TurqaySadiqov,5,2018-05-15T07:50:01Z
201,1001698,TvOneIndonesia,1,2018-05-22T09:43:28Z
202,1001420,Umutov,2,2018-05-18T21:41:25Z
203,999872,Unayag,9,2018-04-30T06:18:32Z
204,1001409,Unsalaygun1,1,2018-05-18T18:37:27Z
205,1000571,Vadinho Arão,1,2018-05-08T13:29:37Z
206,999704,Vania Musik,1,2018-04-28T07:54:14Z
207,999998,Veliucar55,4,2018-05-01T15:20:25Z
208,1000116,Veyselkaya1999,1,2018-05-02T23:17:54Z
209,999646,Vida News,1,2018-04-27T14:56:39Z
210,1000421,Vikimeda,2,2018-05-06T12:58:18Z
211,1001570,Vikiyeye,1,2018-05-20T14:02:08Z
212,1001100,Viva Tarde,1,2018-05-14T20:31:59Z
213,1000461,Vou postar gratis,1,2018-05-07T00:12:44Z
214,1001708,Vusalsayadbeyli,1,2018-05-22T12:08:35Z
215,1001585,Webkamus,1,2018-05-20T16:28:21Z
216,1000379,Wikiandchill,2,2018-05-05T23:41:45Z
217,1000269,Wilson Gamboa,1,2018-05-04T18:51:20Z
218,1000492,Workmedya,1,2018-05-07T11:52:05Z
219,1000447,Xlxnx,1,2018-05-06T20:07:12Z
220,999443,Yigitsann,1,2018-04-24T21:37:35Z
221,1000588,Yildizsozluk,1,2018-05-08T16:53:09Z
222,1001258,Yilmazuysal,1,2018-05-16T20:20:55Z
223,1000493,ZOR BELAA,9,2018-05-07T11:53:59Z
224,999282,ZazaFirat,2,2018-04-23T10:17:11Z
225,999889,Zerano8,1,2018-04-30T11:17:08Z
226,999733,Zetaherculis,1,2018-04-28T14:04:33Z
227,1000833,Zeynep Sıla 2NE1,1,2018-05-11T16:16:14Z
228,1000731,Zkesici 13,4,2018-05-10T12:18:53Z
229,999699,Zonaa-Newspro7,4,2018-04-28T06:49:20Z
230,999715,Zonaa-Newspro7 B,2,2018-04-28T10:21:57Z
231,999410,Zozanlaw,1,2018-04-24T16:29:32Z
232,1001764,Çağrı.1954,4,2018-05-22T23:29:58Z
233,1001149,İdrak 123,1,2018-05-15T11:48:37Z
234,1000640,تلعفر تاريخ,1,2018-05-09T10:26:23Z
4,999429,Ｔｏｍ,2,2018-04-24T20:16:32Z
